paper_id,title,authors,year,venue,arxiv_id,doi,url,in_scope,section,key_contribution,failure_mode_addressed,method_type,has_code,has_dataset,read_status,relevance_to_us,my_notes,source_topic,last_seen
aamir2024muon,Muon Flux Variance from Severe Atmospheric Conditions,Yusuf Aamir,2024,Muon Flux Variance from Severe Atmospheric Conditions,,10.2172/2429212,https://doi.org/10.2172/2429212,no,UNCLASSIFIED,,,,no,no,unread,,,T09,2026-05-16T04:51:23Z
abdelhamid2023numi,NuMI Hadron Monitor – Calibration Stand,Maan Abdelhamid,2023,NuMI Hadron Monitor – Calibration Stand,,10.2172/1998902,https://doi.org/10.2172/1998902,no,5_defences,,calibration,,no,no,unread,,,T05,2026-05-16T04:51:23Z
abrahams2023african,The African Evaluation Journal and the field of monitoring and evaluation in Africa,Mark A. Abrahams,2023,African Evaluation Journal,,10.4102/aej.v11i1.714,https://doi.org/10.4102/aej.v11i1.714,no,6_empirical,,,,no,no,unread,,,T10,2026-05-16T04:51:23Z
abualkishik2024locally,Locally pairwise paracompact spaces and locally nearly pairwise paracompact spaces,Nabeela Ibraheem Abu-Alkishik|Hasan Hdeib,2024,AIP Conference Proceedings,,10.1063/5.0231773,https://doi.org/10.1063/5.0231773,no,3_methods,,,pairwise,no,no,unread,,,T06,2026-05-16T04:51:23Z
aggarwal2023towards,Towards Label Position Bias in Graph Neural Networks,Charu Aggarwal|Haoyu Han|Xiaorui Liu|Feng Shi|Jiliang Tang|Mohamadali Torkamani,2023,Advances in Neural Information Processing Systems 36,,10.52202/075280-0997,https://doi.org/10.52202/075280-0997,no,4_failure_modes,,position_bias,,no,no,unread,,,T02,2026-05-16T04:51:23Z
ahmed2024prompteng,Prompt-Eng: Healthcare Prompt Engineering: Revolutionizing Healthcare Applications with Precision Prompts,Awais Ahmed|Mengshu Hou|Rui Xi|Xiaoyang Zeng|Syed Attique Shah,2024,Companion Proceedings of the ACM Web Conference 2024,,10.1145/3589335.3651904,https://doi.org/10.1145/3589335.3651904,no,UNCLASSIFIED,,,,no,no,unread,,,T14,2026-05-16T04:51:23Z
akbua2022same,"Same family, same mutation, different <scp>ECG</scp>",Kürşat Akbuğa|Mustafa Karanfil,2022,Molecular Genetics &amp; Genomic Medicine,,10.1002/mgg3.2079,https://doi.org/10.1002/mgg3.2079,no,UNCLASSIFIED,,,,no,no,unread,,,T03,2026-05-16T04:51:23Z
aken2022what,What Do You See in this Patient? Behavioral Testing of Clinical NLP Models,Betty Van Aken|Sebastian Herrmann|Alexander Löser,2022,Proceedings of the 4th Clinical Natural Language Processing Workshop,,10.18653/v1/2022.clinicalnlp-1.7,https://doi.org/10.18653/v1/2022.clinicalnlp-1.7,no,UNCLASSIFIED,,,,no,no,unread,,,T04,2026-05-16T04:51:23Z
akyol2025pointwise,Pointwise semi-slant Riemannian maps into almost Hermitian manifolds and Casorati inequalities,M. A. Akyol|Y. Gündüzalp,2025,Ukrains’kyi Matematychnyi Zhurnal,,10.3842/umzh.v76i9.7652,https://doi.org/10.3842/umzh.v76i9.7652,no,3_methods,,,pointwise,no,no,unread,,,T06,2026-05-16T04:51:23Z
anonymous2022asymptotic,The Asymptotic Perturbation Method for Dispersive Nonlinear Partial Differential Equations,,2022,Asymptotic Perturbation Methods,,10.1002/9783527841745.ch6,https://doi.org/10.1002/9783527841745.ch6,no,UNCLASSIFIED,,,,no,no,unread,,,T06,2026-05-16T04:51:23Z
anonymous2022biomodels,BioModels Reproducibility Scorecard,,2022,,,10.52843/cassyni.x36fmy,https://doi.org/10.52843/cassyni.x36fmy,no,UNCLASSIFIED,,,,no,no,unread,,,T10,2026-05-16T04:51:23Z
anonymous2022convergence,Convergence theorems and stability results of a two-step iteration scheme for pointwise asymptotically nonexpansive self mappings and pointwise asymptotically nonexpansive nonself mappings in uniformly convex Banach spaces,,2022,Advances in Fixed Point Theory,,10.28919/afpt/7320,https://doi.org/10.28919/afpt/7320,no,3_methods,,,pointwise,no,no,unread,,,T06,2026-05-16T04:51:23Z
anonymous2022envisat,Envisat AATSR L1B Brightness Temperature/Radiance [AT_1_RBT__],,2022,Envisat AATSR L1B Brightness Temperature/Radiance [AT_1_RBT__],,10.5270/en1-d9ryw7t,https://doi.org/10.5270/en1-d9ryw7t,no,UNCLASSIFIED,,,,no,no,unread,,,T09,2026-05-16T04:51:23Z
anonymous2022evaluation,An Evaluation Roadmap for a more effective government,,2022,New Directions for Evaluation,,10.1002/ev.20491,https://doi.org/10.1002/ev.20491,no,6_empirical,,,,no,no,unread,,,T10,2026-05-16T04:51:23Z
anonymous2022incorporating,"Incorporating process evaluation into impact evaluation: what, why and how",|Vibecke Dixon|Michael Bamberger|,2022,,,10.23846/wp0050,https://doi.org/10.23846/wp0050,no,6_empirical,,,,no,no,unread,,,T10,2026-05-16T04:51:23Z
anonymous2022pointwise,"Pointwise convergence, the answer",,2022,Fourier Analysis,,10.1017/9781009230063.022,https://doi.org/10.1017/9781009230063.022,no,3_methods,,,pointwise,no,no,unread,,,T06,2026-05-16T04:51:23Z
anonymous2022seed,"Seed Setts, Single Bud Plantlets and Tissue Culture Techniques for Seed Multiplication in Sugarcane and Seed Standard",,2022,Medicon Agriculture &amp; Environmental Sciences,,10.55162/mcaes.03.054,https://doi.org/10.55162/mcaes.03.054,no,UNCLASSIFIED,,,,no,no,unread,,,T09,2026-05-16T04:51:23Z
anonymous2022system,System Reliability,,2022,Structural and System Reliability,,10.1017/9781108991889.009,https://doi.org/10.1017/9781108991889.009,no,UNCLASSIFIED,,,,no,no,unread,,,T05,2026-05-16T04:51:23Z
anonymous2022temperaturesombor,Temperature-Sombor and Temperature-Nirmala Indices,|V. R. Kulli,2022,INTERNATIONAL JOURNAL OF MATHEMATICS AND COMPUTER RESEARCH,,10.47191/ijmcr/v10i9.04,https://doi.org/10.47191/ijmcr/v10i9.04,no,UNCLASSIFIED,,,,no,no,unread,,,T09,2026-05-16T04:51:23Z
anonymous2022unruly,An Unruly Frontier,,2022,Urban Ecologies on the Edge,,10.2307/j.ctv2ks6tn0.8,https://doi.org/10.2307/j.ctv2ks6tn0.8,no,UNCLASSIFIED,,,,no,no,unread,,,T08,2026-05-16T04:51:23Z
anonymous2023adversarial,Adversarial Robustness for Machine Learning,,2023,,,10.1016/c2020-0-01078-9,https://doi.org/10.1016/c2020-0-01078-9,no,4_failure_modes,,,,no,no,unread,,,T07,2026-05-16T04:51:23Z
anonymous2023inherited,AN INHERITED FRONTIER,,2023,The Dominican Mission Frontier of Lower California,,10.2307/jj.8501026.4,https://doi.org/10.2307/jj.8501026.4,no,UNCLASSIFIED,,,,no,no,unread,,,T08,2026-05-16T04:51:23Z
anonymous2023pairwise,"pairwise, adv. &amp; adj.",,2023,Oxford English Dictionary,,10.1093/oed/5550390966,https://doi.org/10.1093/oed/5550390966,no,3_methods,,,pairwise,no,no,unread,,,T06,2026-05-16T04:51:23Z
anonymous2023pointwise,"pointwise, adv. &amp; adj.",,2023,Oxford English Dictionary,,10.1093/oed/4614298818,https://doi.org/10.1093/oed/4614298818,no,3_methods,,,pointwise,no,no,unread,,,T06,2026-05-16T04:51:23Z
anonymous2023reproducibility,"reproducibility, n.",,2023,Oxford English Dictionary,,10.1093/oed/4082406807,https://doi.org/10.1093/oed/4082406807,no,UNCLASSIFIED,,,,no,no,unread,,,T10,2026-05-16T04:51:23Z
anonymous2023seed,Seed Photographs,,2023,Seed Identification Manual,,10.2307/jj.8500978.4,https://doi.org/10.2307/jj.8500978.4,no,UNCLASSIFIED,,,,no,no,unread,,,T09,2026-05-16T04:51:23Z
anonymous2023vital,A Vital Frontier,,2023,A Vital Frontier,,10.1215/9781478024408-001,https://doi.org/10.1215/9781478024408-001,no,UNCLASSIFIED,,,,no,no,unread,,,T08,2026-05-16T04:51:23Z
anonymous2024form,Form to Assess Result Reproducibility of Manuscripts,|Jelian Larbi,2024,,,10.1061/reprod.000001,https://doi.org/10.1061/reprod.000001,no,UNCLASSIFIED,,,,no,no,unread,,,T10,2026-05-16T04:51:23Z
anonymous2024minimum,Minimum Variance Versus Unbiased Estimator,,2024,,,10.4135/9781529697148,https://doi.org/10.4135/9781529697148,no,UNCLASSIFIED,,,,no,no,unread,,,T09,2026-05-16T04:51:23Z
anonymous2024reproducibility,Reproducibility in Biomedical Research,,2024,,,10.1016/c2022-0-02971-8,https://doi.org/10.1016/c2022-0-02971-8,no,UNCLASSIFIED,,,,no,no,unread,,,T10,2026-05-16T04:51:23Z
anonymous2024rigor,Rigor and Reproducibility in Research,,2024,,,10.4135/9781036219994,https://doi.org/10.4135/9781036219994,no,UNCLASSIFIED,,,,no,no,unread,,,T10,2026-05-16T04:51:23Z
anonymous2025llm,"LLM Evaluations: A Survey of Programmatic, Human, and LLM-as-Judge Approaches",|Sarath Babu Poovassery Krishnan,2025,"International Journal of Innovative Research in Science, Engineering and Technology",,10.15680/ijirset.2025.1406011,https://doi.org/10.15680/ijirset.2025.1406011,yes,6_empirical,,,,no,no,unread,,,T10,2026-05-16T04:51:23Z
anonymous2025more,More information needed for reproducibility,,2025,,,10.5194/egusphere-2025-5497-cc5,https://doi.org/10.5194/egusphere-2025-5497-cc5,no,UNCLASSIFIED,,,,no,no,unread,,,T10,2026-05-16T04:51:23Z
anonymous2025real,REAL TIME AI DEFENSE AGAINST PROMPT INJECTION ATTACKS,,2025,2nd International Conference on Cybersecurity and Digital Defense (ICyDD),,10.37962/icydd/2025/23-24,https://doi.org/10.37962/icydd/2025/23-24,no,4_failure_modes,,prompt_injection,,no,no,unread,,,T07,2026-05-16T04:51:23Z
anonymous2025review,"Review for ""Room temperature photobrightening and low temperature photodarkening in two-dimensional CdSe nanoplatelets""",,2025,,,10.1039/d5cp01517k/v2/review1,https://doi.org/10.1039/d5cp01517k/v2/review1,no,UNCLASSIFIED,,,,no,no,unread,,,T09,2026-05-16T04:51:23Z
anonymous2025secure,Secure Artificial Intelligence (SAI): A Dual-layer defence model against prompt injection and prompt poisoning attacks,Hitika Teckani -|Devansh Pandya -|Harshita Makwana -,2025,International Journal For Multidisciplinary Research,,10.36948/ijfmr.2025.v07i01.35371,https://doi.org/10.36948/ijfmr.2025.v07i01.35371,no,4_failure_modes,,prompt_injection,,no,no,unread,,,T07,2026-05-16T04:51:23Z
anonymous2025temperature,Temperature Elliptic Sombor and Modified Temperature Elliptic Sombor Indices,|V.R. Kulli,2025,International Journal of Mathematics And Computer Research,,10.47191/ijmcr/v13i3.02,https://doi.org/10.47191/ijmcr/v13i3.02,no,UNCLASSIFIED,,,,no,no,unread,,,T09,2026-05-16T04:51:23Z
anonymous2025transforming,Transforming rural livelihoods in India: Findings from NRETP and NRLM evaluation,|Anjini Kochar|Rohan Shah||Bidisha Barooah||Abhinav Dubey||Tamanud Ghosh||Sunetra Banerjee||Darshna Jadhav||Ritwik Sarkar||Pranav Mysore Nagendran||Nagabhushana Cl osepet||Rootu Patel|,2025,,,10.23846/nrlmie149,https://doi.org/10.23846/nrlmie149,no,6_empirical,,,,no,no,unread,,,T10,2026-05-16T04:51:23Z
anonymous2026calibration,Calibration Principles,,2026,Calibration,,10.1002/9781394442218.ch1,https://doi.org/10.1002/9781394442218.ch1,no,5_defences,,calibration,,no,no,unread,,,T05,2026-05-16T04:51:23Z
anonymous2026chinas,From China’s Frontier to Frontier China,,2026,The Sage Handbook of Interpreting Chinese History,,10.4135/9781036204556.n37,https://doi.org/10.4135/9781036204556.n37,no,UNCLASSIFIED,,,,no,no,unread,,,T08,2026-05-16T04:51:23Z
anonymous2026final,Final Control Devices Calibration,,2026,Calibration,,10.1002/9781394442218.ch7,https://doi.org/10.1002/9781394442218.ch7,no,5_defences,,calibration,,no,no,unread,,,T05,2026-05-16T04:51:23Z
anonymous2026flow,Flow Instrument Calibration,,2026,Calibration,,10.1002/9781394442218.ch6,https://doi.org/10.1002/9781394442218.ch6,no,5_defences,,calibration,,no,no,unread,,,T05,2026-05-16T04:51:23Z
anonymous2026frontier,((!!Frontier 🌈 Guatemala!!))¿Cómo llamar a Frontier  desde Guatemala?,fgh 123,2026,,,10.55277/researchhub.mb88mi28.1,https://doi.org/10.55277/researchhub.mb88mi28.1,no,UNCLASSIFIED,,,,no,no,unread,,,T08,2026-05-16T04:51:23Z
anonymous2026international,International Calibration System (ILAC),,2026,Calibration Handbook of Measuring Instruments,,10.1002/9781394442188.ch2,https://doi.org/10.1002/9781394442188.ch2,no,5_defences,,calibration,,no,no,unread,,,T05,2026-05-16T04:51:23Z
anonymous2026level,Level Instrument Calibration,,2026,Calibration,,10.1002/9781394442218.ch5,https://doi.org/10.1002/9781394442218.ch5,no,5_defences,,calibration,,no,no,unread,,,T05,2026-05-16T04:51:23Z
anonymous2026part,Part II: Regular perturbation,,2026,Perturbation Methods Using Backward Error,,10.1137/1.9781611978865.pt2,https://doi.org/10.1137/1.9781611978865.pt2,no,UNCLASSIFIED,,,,no,no,unread,,,T06,2026-05-16T04:51:23Z
anonymous2026pressure,Pressure Instrument Calibration,,2026,Calibration,,10.1002/9781394442218.ch4,https://doi.org/10.1002/9781394442218.ch4,no,5_defences,,calibration,,no,no,unread,,,T05,2026-05-16T04:51:23Z
anonymous2026process,Process Analytical Instrument Calibration,,2026,Calibration,,10.1002/9781394442218.ch8,https://doi.org/10.1002/9781394442218.ch8,no,5_defences,,calibration,,no,no,unread,,,T05,2026-05-16T04:51:23Z
anonymous2026program,"Program Evaluation Tip Sheet: Economic Evaluation; and, Program Evaluation Tip Sheet: Reach and Impact [August 2011]",,2026,,,10.15620/cdc/251872,https://doi.org/10.15620/cdc/251872,no,6_empirical,,,,no,no,unread,,,T10,2026-05-16T04:51:23Z
anonymous2026reproducibility,Reproducibility,,2026,,,10.5194/egusphere-2025-5497-rc1,https://doi.org/10.5194/egusphere-2025-5497-rc1,no,UNCLASSIFIED,,,,no,no,unread,,,T10,2026-05-16T04:51:23Z
anonymous2026temperature,Temperature Instrument Calibration,,2026,Calibration,,10.1002/9781394442218.ch3,https://doi.org/10.1002/9781394442218.ch3,no,5_defences,,calibration,,no,no,unread,,,T05,2026-05-16T04:51:23Z
aracena2023development,Development of pre-trained language models for clinical NLP in Spanish,Claudio Aracena|J. Dunstan,2023,Conference of the European Chapter of the Association for Computational Linguistics,,10.18653/v1/2023.eacl-srw.5,https://doi.org/10.18653/v1/2023.eacl-srw.5,no,UNCLASSIFIED,,,,no,no,unread,,,T04,2026-05-16T04:51:23Z
asami2025uncovering,Uncovering the Risk of Evaluation Formalism: A Debiased LLM-as-a-Judge Study in Japan's Government Project Reviews,Masahiro Asami|Kai Fukunaga,2025,,,10.2139/ssrn.5249953,https://doi.org/10.2139/ssrn.5249953,yes,6_empirical,,,,no,no,unread,,,T10,2026-05-16T04:51:23Z
ayaz2026casorati,Casorati curvatures of pointwise slant submanifolds in para-complex space forms,Sedat Ayaz,2026,Ukrains’kyi Matematychnyi Zhurnal,,10.3842/umzh.v77i9.8956,https://doi.org/10.3842/umzh.v77i9.8956,no,3_methods,,,pointwise,no,no,unread,,,T06,2026-05-16T04:51:23Z
ayoo2023metaevaluation,Meta-evaluation: Validating program evaluation standards through the United Nations Evaluation Quality Assessment (EQAs),Sandra Ayoo|Meghan Leeming|Stacy R Huff,2023,Evaluation Journal of Australasia,,10.1177/1035719x231220979,https://doi.org/10.1177/1035719x231220979,no,6_empirical,,,,no,no,unread,,,T10,2026-05-16T04:51:23Z
azeraf2025pairwise,Pairwise Markov Chains for Volatility Forecasting,Elie Azeraf,2025,,,10.2139/ssrn.5248108,https://doi.org/10.2139/ssrn.5248108,no,3_methods,,,pairwise,no,no,unread,,,T06,2026-05-16T04:51:23Z
babaei2022universal,Universal generating function -based narrow reliability bounds to evaluate reliability of project completion time,Mohsen Babaei|Amin Rashidi-baqhi,2022,Reliability Engineering &amp; System Safety,,10.1016/j.ress.2021.108121,https://doi.org/10.1016/j.ress.2021.108121,no,UNCLASSIFIED,,,,no,no,unread,,,T05,2026-05-16T04:51:23Z
bahramnejad2025fuzzyarithmeticbased,A fuzzy-arithmetic-based reliability assessment model for digital circuits (FARAM-DC),Somayeh Bahramnejad,2025,Microelectronics Reliability,,10.1016/j.microrel.2025.115893,https://doi.org/10.1016/j.microrel.2025.115893,no,UNCLASSIFIED,,,,no,no,unread,,,T05,2026-05-16T04:51:23Z
bahret2023increase,Increase Effectiveness of Reliability Tools with the Role of Reliability Czar,Adam P Bahret,2023,2023 Annual Reliability and Maintainability Symposium (RAMS),,10.1109/rams51473.2023.10088195,https://doi.org/10.1109/rams51473.2023.10088195,no,UNCLASSIFIED,,,,no,no,unread,,,T05,2026-05-16T04:51:23Z
banga2024reproducibility,Reproducibility of in vivo electrophysiological measurements in mice,Kush Banga|Julius Benson|Jai Bhagat|D. Biderman|D. Birman|Niccolò Bonacchi|Sebastian A. Bruijns|R. A. Campbell|M. Carandini|Gaëlle A. Chapuis|A. Churchland|M. F. Davatolhagh|Hyun Dong Lee|Mayo Faulkner|Berk Gerçek|Fei Hu|Julia M. Huntenburg|C. Hurwitz|Anup Khanal|Christopher S. Krasniak|Guido T. Mei,2024,bioRxiv,,10.1101/2022.05.09.491042,https://doi.org/10.1101/2022.05.09.491042,no,UNCLASSIFIED,,,,no,no,unread,,,T10,2026-05-16T04:51:23Z
bednall2025variance,"Variance Explained (Vx): A General, Model-Based Approach for Explaining and Partitioning Variance",Timothy Colin Bednall,2025,,,10.31219/osf.io/us346,https://doi.org/10.31219/osf.io/us346,no,UNCLASSIFIED,,,,no,no,unread,,,T09,2026-05-16T04:51:23Z
beyendi2022pointwise,Pointwise quasi hemi-slant submanifolds,Selahattin Beyendi|Mehmet Akyol|Mico Stankovic,2022,,,10.22541/au.164873540.04096364/v1,https://doi.org/10.22541/au.164873540.04096364/v1,no,3_methods,,,pointwise,no,no,unread,,,T06,2026-05-16T04:51:23Z
bijari2024radiomics,Radiomics and Deep Features: Robust Classification of Brain Hemorrhages and Reproducibility Analysis Using a 3D Autoencoder Neural Network,S. Bijari|Sahar Sayfollahi|Shiwa Mardokh-Rouhani|Sahar Bijari|Sadegh Moradian|Ziba Zahiri|S. M. Rezaeijo,2024,Bioengineering,,10.3390/bioengineering11070643,https://doi.org/10.3390/bioengineering11070643,no,6_empirical,,,,no,no,unread,,,T10,2026-05-16T04:51:23Z
binderiya2024results,THE RESULTS SEED MORPHOLOGY AND SEED GERMINATION OF CARAGANA LEUCOPHLOEA POJARK,G. Binderiya,2024,SCIENTIFIC SUPPORT FOR LIVESTOCK BREEDING IN SIBERIA,,10.52686/conferencearticle_67597cea642278.60459401,https://doi.org/10.52686/conferencearticle_67597cea642278.60459401,no,UNCLASSIFIED,,,,no,no,unread,,,T09,2026-05-16T04:51:23Z
blomqvist2023pain,"Pain and temperature, and human awareness: The legacy of Bud Craig",Anders Blomqvist,2023,Temperature,,10.1080/23328940.2023.2265946,https://doi.org/10.1080/23328940.2023.2265946,no,UNCLASSIFIED,,,,no,no,unread,,,T09,2026-05-16T04:51:23Z
borkowski2025prompt,Prompt Injection Attacks on LLM-Based Spam Filters,Grzegorz Borkowski,2025,Informatyka w biznesie,,10.15611/2025.07.4.02,https://doi.org/10.15611/2025.07.4.02,no,4_failure_modes,,prompt_injection,,no,no,unread,,,T07,2026-05-16T04:51:23Z
bosma2025dragon,The DRAGON benchmark for clinical NLP,J. Bosma|Koen Dercksen|Luc Builtjes|Romain André|Christian Roest|S. Fransen|C. R. Noordman|Mar Navarro-Padilla|Judith Lefkes|N. Alves|Max J. J. de Grauw|L. van Eekelen|J. Spronck|M. Schuurmans|Bram de Wilde|Ward Hendrix|W. Aswolinskiy|A. Saha|Jasper J. Twilt|D. Geijs|Jeroen Veltman|Derya Yakar|M. de,2025,npj Digital Medicine,,10.1038/s41746-025-01626-x,https://doi.org/10.1038/s41746-025-01626-x,partial,6_empirical,,,,no,no,unread,,,T04,2026-05-16T04:51:23Z
bouchama2024beyond,Beyond heatwaves: A nuanced view of temperature-related mortality,Abderrezak Bouchama|Toby Mündel|Orlando Laitano,2024,Temperature,,10.1080/23328940.2024.2310459,https://doi.org/10.1080/23328940.2024.2310459,no,UNCLASSIFIED,,,,no,no,unread,,,T09,2026-05-16T04:51:23Z
bouchard2025uncertainty,"Uncertainty Quantification for Language Models: A Suite of Black-Box, White-Box, LLM Judge, and Ensemble Scorers",Dylan Bouchard|Mohit Singh Chauhan,2025,Trans. Mach. Learn. Res.,,10.48550/arXiv.2504.19254,https://doi.org/10.48550/arXiv.2504.19254,yes,3_methods,,,panel,no,no,unread,,,T01;T05;T07;T10,2026-05-16T04:51:23Z
brehmer2023dependence,Dependence between Characteristic Temperature and Elution Temperature in Temperature Programmed Gas Chromatography – Part I: Influence of Initial Temperature and Heating Rate,Tillman Brehmer|Jan Leppert|Peter Boeker|Matthias Wüst,2023,,,10.2139/ssrn.4485529,https://doi.org/10.2139/ssrn.4485529,no,UNCLASSIFIED,,,,no,no,unread,,,T09,2026-05-16T04:51:23Z
brehmer2024relation,Relation between Characteristic Temperature and Elution Temperature in Temperature Programmed Gc – Part Ii: Influence of Column Properties,Tillman Brehmer|Peter Boeker|Matthias Wüst|Jan Leppert,2024,,,10.2139/ssrn.4744721,https://doi.org/10.2139/ssrn.4744721,no,UNCLASSIFIED,,,,no,no,unread,,,T09,2026-05-16T04:51:23Z
brunke2023forecasting,Forecasting Earnings Variance: Quantile-Based Vs. Residuals-Based Variance Proxies,Luca Brunke,2023,SSRN Electronic Journal,,10.2139/ssrn.4404839,https://doi.org/10.2139/ssrn.4404839,no,UNCLASSIFIED,,,,no,no,unread,,,T09,2026-05-16T04:51:23Z
burnat2026measuring,Measuring Evaluation-Context Divergence in Open-Weight LLMs: A Paired-Prompt Protocol with Pilot Evidence of Alignment-Pipeline-Specific Heterogeneity,Florian A. D. Burnat|Brittany I. Davidson,2026,arXiv,2605.06327,,http://arxiv.org/abs/2605.06327v1,partial,6_empirical,,,,no,no,unread,,,T10,2026-05-16T04:51:23Z
cai2025one,One Perturbation Fools All: an Adversarial Perturbation Can Attack Different Vision Models,Jinyan Cai|Tianhao Yu|Hongliang Liang|Qiuping Yi,2025,,,10.2139/ssrn.5573446,https://doi.org/10.2139/ssrn.5573446,no,4_failure_modes,,,,no,no,unread,,,T06,2026-05-16T04:51:23Z
cao2025multiagent,Multi-Agent LLM Judge: automatic personalized LLM judge design for evaluating natural language generation applications,Hongliu Cao|Ilias Driouich|Robin-Resham Singh|Eoin Thomas,2025,arXiv.org,,10.48550/arXiv.2504.02867,https://doi.org/10.48550/arXiv.2504.02867,yes,6_empirical,,,,no,no,unread,,,T01;T05;T07;T10,2026-05-16T04:51:23Z
carrino2022pretrained,Pretrained Biomedical Language Models for Clinical NLP in Spanish,C. Carrino|Joan Llop|M. Pàmies|Asier Gutiérrez-Fandiño|Jordi Armengol-Estap'e|Joaquín Silveira-Ocampo|A. Valencia|Aitor Gonzalez-Agirre|Marta Villegas,2022,Workshop on Biomedical Natural Language Processing,,10.18653/v1/2022.bionlp-1.19,https://doi.org/10.18653/v1/2022.bionlp-1.19,no,UNCLASSIFIED,,,,no,no,unread,,,T04,2026-05-16T04:51:23Z
chang2025death,Death by a Thousand Prompts: Open Model Vulnerability Analysis,Amy Chang|Nicholas Conley|H. Ganesan|Adam Swanda,2025,arXiv.org,,10.48550/arXiv.2511.03247,https://doi.org/10.48550/arXiv.2511.03247,no,UNCLASSIFIED,,,,no,no,unread,,,T08,2026-05-16T04:51:23Z
chen2023adversarial,Adversarial robustness in meta-learning and contrastive learning,Pin-Yu Chen|Cho-Jui Hsieh,2023,Adversarial Robustness for Machine Learning,,10.1016/b978-0-12-824020-5.00028-4,https://doi.org/10.1016/b978-0-12-824020-5.00028-4,no,4_failure_modes,,,,no,no,unread,,,T04;T07,2026-05-16T04:51:23Z
chen2023certified,Certified robustness training,Pin-Yu Chen|Cho-Jui Hsieh,2023,Adversarial Robustness for Machine Learning,,10.1016/b978-0-12-824020-5.00025-9,https://doi.org/10.1016/b978-0-12-824020-5.00025-9,no,4_failure_modes,,,,no,no,unread,,,T04,2026-05-16T04:51:23Z
chen2024defense,Defense Against Prompt Injection Attack by Leveraging Attack Techniques,Yulin Chen|Haoran Li|Zihao Zheng|Yangqiu Song|Dekai Wu|Bryan Hooi,2024,Annual Meeting of the Association for Computational Linguistics,,10.48550/arXiv.2411.00459,https://doi.org/10.48550/arXiv.2411.00459,no,4_failure_modes,,prompt_injection,,no,no,unread,,,T07,2026-05-16T04:51:23Z
chen2024mllmasajudge,MLLM-as-a-Judge: Assessing Multimodal LLM-as-a-Judge with Vision-Language Benchmark,Dongping Chen|Ruoxi Chen|Shilin Zhang|Yinuo Liu|Yaochen Wang|Huichi Zhou|Qihui Zhang|Pan Zhou|Yao Wan|Lichao Sun,2024,International Conference on Machine Learning,,,,yes,6_empirical,,,,no,no,unread,,,T10,2026-05-16T04:51:23Z
chen2024program,Program Plan Evaluation: A Participatory Approach to Bridge Plan Evaluation and Program Evaluation,Huey T. Chen|Liliana Morosanu|Victor H. Chen,2024,American Journal of Evaluation,,10.1177/10982140241231906,https://doi.org/10.1177/10982140241231906,no,6_empirical,,,,no,no,unread,,,T10,2026-05-16T04:51:23Z
chen2025beyond,Beyond the Surface: Measuring Self-Preference in LLM Judgments,Zhi-Yuan Chen|Hao Wang|Xinyu Zhang|Enrui Hu|Yankai Lin,2025,Conference on Empirical Methods in Natural Language Processing,,10.48550/arXiv.2506.02592,https://doi.org/10.48550/arXiv.2506.02592,yes,4_failure_modes,,self_preference,,no,no,unread,,,T03,2026-05-16T04:51:23Z
chen2025topicattack,TopicAttack: An Indirect Prompt Injection Attack via Topic Transition,Yulin Chen|Haoran Li|Yuexin Li|Yue Liu|Yangqiu Song|Bryan Hooi,2025,Conference on Empirical Methods in Natural Language Processing,,10.48550/arXiv.2507.13686,https://doi.org/10.48550/arXiv.2507.13686,no,4_failure_modes,,prompt_injection,,no,no,unread,,,T07,2026-05-16T04:51:23Z
chilisa2024embedding,Embedding evaluation theory on African philosophies: An asset to evaluation transformation,Bagele M. Chilisa,2024,African Evaluation Journal,,10.4102/aej.v12i2.735,https://doi.org/10.4102/aej.v12i2.735,no,6_empirical,,,,no,no,unread,,,T10,2026-05-16T04:51:23Z
cho2026reliacoef,reliacoef: Unidimensional and Multidimensional Reliability Coefficients,Eunseong Cho,2026,CRAN: Contributed Packages,,10.32614/cran.package.reliacoef,https://doi.org/10.32614/cran.package.reliacoef,no,UNCLASSIFIED,,,,no,no,unread,,,T05,2026-05-16T04:51:23Z
committee2024seed,SEED 2024 Workshops book,SEED Scientific Committee,2024,Proceedings - First International Conference on Sustainable Energy Education (SEED 2024),,10.4995/seed2024.2024.19558,https://doi.org/10.4995/seed2024.2024.19558,no,UNCLASSIFIED,,,,no,no,unread,,,T09,2026-05-16T04:51:23Z
costa2023new,New preference order relationships and their application to multiobjective interval and fuzzy interval optimization problems,T. M. Costa|Rafaela Osuna Gómez|Y. Chalco-Cano,2023,Fuzzy Sets Syst.,,10.1016/j.fss.2023.108812,https://doi.org/10.1016/j.fss.2023.108812,no,UNCLASSIFIED,,,,no,no,unread,,,T02,2026-05-16T04:51:23Z
courvoisier2025beyond,Beyond human gold standards: A multimodel framework for automated abstract classification and information extraction,D. Courvoisier|D. Buitrago-Garcia|C. Buclin|Nils Bürgisser|M. Iudici|D. Mongin,2025,Research Synthesis Methods,,10.1017/rsm.2025.10054,https://doi.org/10.1017/rsm.2025.10054,no,UNCLASSIFIED,,,,no,no,unread,,,T05,2026-05-16T04:51:23Z
cugelman2025evidence,Evidence of Position Bias in Canadian Long Ballots (preprint 1.0),Brian Cugelman,2025,,,10.2139/ssrn.5384202,https://doi.org/10.2139/ssrn.5384202,no,4_failure_modes,,position_bias,,no,no,unread,,,T02,2026-05-16T04:51:23Z
dappollonia2022american,The American Fragility–Robustness Nexus,Ariane Chebel d’Appollonia,2022,Robustness and Fragility of Political Orders,,10.1017/9781009265058.008,https://doi.org/10.1017/9781009265058.008,no,4_failure_modes,,,,no,no,unread,,,T04,2026-05-16T04:51:23Z
dudda2025open,Open science interventions to improve reproducibility and replicability of research: a scoping review,Leonie A. Dudda|Eva Kormann|Magdalena Kozula|N. Devito|Thomas Klebel|A. P. M. Dewi|René Spijker|I. Stegeman|Veerle Van den Eynden|Tony Ross-Hellauer|M. Leeflang,2025,Royal Society Open Science,,10.1098/rsos.242057,https://doi.org/10.1098/rsos.242057,no,UNCLASSIFIED,,,,no,no,unread,,,T10,2026-05-16T04:51:23Z
duke2023robustness,Robustness,Toju Duke,2023,Building Responsible AI Algorithms,,10.1007/978-1-4842-9306-5_9,https://doi.org/10.1007/978-1-4842-9306-5_9,no,4_failure_modes,,,,no,no,unread,,,T04,2026-05-16T04:51:23Z
eremeev2023tunability,Tunability / robustness of Nb3Sn,Grigory Eremeev,2023,Tunability / robustness of Nb3Sn,,10.2172/2246931,https://doi.org/10.2172/2246931,no,4_failure_modes,,,,no,no,unread,,,T04,2026-05-16T04:51:23Z
feuer2025when,When Judgment Becomes Noise: How Design Failures in LLM Judge Benchmarks Silently Undermine Validity,Ben Feuer|Chiung-Yi Tseng|A. Lathe|Oussama Elachqar|John P. Dickerson,2025,arXiv.org,,10.48550/arXiv.2509.20293,https://doi.org/10.48550/arXiv.2509.20293,yes,6_empirical,,,,no,no,unread,,,T01;T05;T07;T09;T10,2026-05-16T04:51:23Z
fiar2023reproducibility,Reproducibility in Management Science,Miloš Fišar|Ben Greiner|Christoph Huber|Elena Katok|Ali Ozkes|Management Science Reproducibility Collaboration,2023,,,10.31219/osf.io/mydzv,https://doi.org/10.31219/osf.io/mydzv,no,UNCLASSIFIED,,,,no,no,unread,,,T10,2026-05-16T04:51:23Z
fu2025how,How Reliable is Multilingual LLM-as-a-Judge?,Xiyan Fu|Wei Liu,2025,Findings of the Association for Computational Linguistics: EMNLP 2025,,10.18653/v1/2025.findings-emnlp.587,https://doi.org/10.18653/v1/2025.findings-emnlp.587,yes,UNCLASSIFIED,,,,no,no,unread,,,T10,2026-05-16T04:51:23Z
fujimori2025towards,Towards an open model intercomparison platform for integrated assessment models scenarios,S. Fujimori|Volker Krey|Keywan Riahi|Masahiro Sugiyama|Tomoko Hasegawa|James A. Edmonds|C. Guivarch|S. Paltsev|Steven K. Rose|Roberto Schaeffer|M. Tavoni|S. Vishwanathan|D. V. van Vuuren|M. Weitzel,2025,Nature Climate Change,,10.1038/s41558-025-02462-3,https://doi.org/10.1038/s41558-025-02462-3,no,UNCLASSIFIED,,,,no,no,unread,,,T08,2026-05-16T04:51:23Z
gan2023sensitivity,Sensitivity and Robustness of Large Language Models to Prompt in Japanese,Chengguang Gan|Tatsunori Mori,2023,arXiv.org,,10.48550/arXiv.2305.08714,https://doi.org/10.48550/arXiv.2305.08714,no,4_failure_modes,,,,no,no,unread,,,T04,2026-05-16T04:51:23Z
garcaarchilla2025dataset,Dataset Pointwise,Bosco García-Archilla|Julia Novo,2025,Datasets de idUS,,10.12795/11441/169465,https://doi.org/10.12795/11441/169465,no,3_methods,,,pointwise,no,no,unread,,,T06,2026-05-16T04:51:23Z
gema2024edinburgh,Edinburgh Clinical NLP at MEDIQA-CORR 2024: Guiding Large Language Models with Hints,Aryo Pradipta Gema|Chaeeun Lee|Pasquale Minervini|Luke Daines|T. I. Simpson|Beatrice Alex,2024,Clinical Natural Language Processing Workshop,,10.48550/arXiv.2405.18028,https://doi.org/10.48550/arXiv.2405.18028,no,UNCLASSIFIED,,,,no,no,unread,,,T04,2026-05-16T04:51:23Z
govan2026relialearnr,ReliaLearnR: Learning Modules for Reliability Analysis,Paul Govan,2026,CRAN: Contributed Packages,,10.32614/cran.package.relialearnr,https://doi.org/10.32614/cran.package.relialearnr,no,UNCLASSIFIED,,,,no,no,unread,,,T05,2026-05-16T04:51:23Z
gu2024survey,A Survey on LLM-as-a-Judge,Jiawei Gu|Xuhui Jiang|Zhichao Shi|Hexiang Tan|Xuehao Zhai|Chengjin Xu|Wei Li|Yinghan Shen|Shengjie Ma|Honghao Liu|Yuanzhuo Wang|Jian Guo,2024,arXiv.org,,10.48550/arXiv.2411.15594,https://doi.org/10.48550/arXiv.2411.15594,yes,6_empirical,,,,no,no,unread,,,T10,2026-05-16T04:51:23Z
guloksuz2026seed,Seed vigour tests to predict seed quality after storage in spinach seed lots,Tuba Guloksuz|A. Hakan Eker|Ibrahim Demir,2026,Seed Science and Technology,,10.15258/sst.2026.54.1.01,https://doi.org/10.15258/sst.2026.54.1.01,no,UNCLASSIFIED,,,,no,no,unread,,,T09,2026-05-16T04:51:23Z
haggenmller2025discordance,"Discordance, accuracy and reproducibility study of pathologists’ diagnosis of melanoma and melanocytic tumors",Sarah Haggenmüller|C. Wies|Julia Abels|J. Winterstein|Lukas Heinlein|Carina Nogueira Garcia|J. Utikal|S. Wohlfeil|Friedegund Meier|S. Hobelsberger|F. Gellrich|M. Sergon|Axel Hauschild|Lars E. French|Lucie M. Heinzerling|Justin G. Schlager|Kamran Ghoreschi|Max Schlaak|F. Hilke|G. Poch|Sören Korsing|C,2025,Nature Communications,,10.1038/s41467-025-56160-x,https://doi.org/10.1038/s41467-025-56160-x,no,UNCLASSIFIED,,,,no,no,unread,,,T10,2026-05-16T04:51:23Z
hamada2023analysis,Analysis of Experiments for Reliability Improvement and Robust Reliability,Michael Hamada,2023,Recent Advances in Life-Testing and Reliability,,10.1201/9781003418313-9,https://doi.org/10.1201/9781003418313-9,no,UNCLASSIFIED,,,,no,no,unread,,,T05,2026-05-16T04:51:23Z
han2024evaluation,An Evaluation of the Safety of ChatGPT with Malicious Prompt Injection,Jiang Han|Mingming Guo,2024,,,10.21203/rs.3.rs-4487194/v1,https://doi.org/10.21203/rs.3.rs-4487194/v1,partial,4_failure_modes,,prompt_injection,,no,no,unread,,,T07,2026-05-16T04:51:23Z
han2025judges,Judge's Verdict: A Comprehensive Analysis of LLM Judge Capability Through Human Agreement,Steve Han|Gilberto Titericz Junior|Tom Balough|Wenfei Zhou,2025,arXiv.org,,10.48550/arXiv.2510.09738,https://doi.org/10.48550/arXiv.2510.09738,yes,6_empirical,,,,no,no,unread,,,T01;T05;T07;T10,2026-05-16T04:51:23Z
hanumanthgari2026aggressive,Aggressive Compression Compromises Care: Patient Safety Risks in Clinical NLP,Rahul Reddy Hanumanthgari,2026,The American Journal of Medical Sciences and Pharmaceutical Research,,10.37547/tajmspr/volume08issue04-14,https://doi.org/10.37547/tajmspr/volume08issue04-14,no,UNCLASSIFIED,,,,no,no,unread,,,T04,2026-05-16T04:51:23Z
haug2024hawking,"The Hawking Hubble Temperature as the Minimum Temperature, the Planck Temperature as the Maximum Temperature, and the CMB Temperature as Their Geometric Mean Temperature",Espen Gaarder Haug|Eugene Terry Tatum,2024,Journal of Applied Mathematics and Physics,,10.4236/jamp.2024.1210198,https://doi.org/10.4236/jamp.2024.1210198,no,UNCLASSIFIED,,,,no,no,unread,,,T09,2026-05-16T04:51:23Z
herman2023aggregating,Aggregating Pairwise Information Over Optimal Routes,Grzegorz Herman|Grzegorz Gawryał,2023,Proceedings of the 9th International Conference on Vehicle Technology and Intelligent Transport Systems,,10.5220/0011981900003479,https://doi.org/10.5220/0011981900003479,no,3_methods,,,pairwise,no,no,unread,,,T06,2026-05-16T04:51:23Z
hesham2025macro,Macro Model Reliability Analysis Through Enhanced Open Model Interface (OMI),M. Hesham|Amin Maher|Ahmed Aboelhadeed,2025,International Conference on Mathematics and Computing,,10.1109/ICMC64879.2025.11102525,https://doi.org/10.1109/ICMC64879.2025.11102525,no,8_open_problems,,,,no,no,unread,,,T08,2026-05-16T04:51:23Z
hochlehnert2025sober,A Sober Look at Progress in Language Model Reasoning: Pitfalls and Paths to Reproducibility,Andreas Hochlehnert|Hardik Bhatnagar|Vishaal Udandarao|Samuel Albanie|Ameya Prabhu|Matthias Bethge,2025,arXiv.org,,10.48550/arXiv.2504.07086,https://doi.org/10.48550/arXiv.2504.07086,no,6_empirical,,,,no,no,unread,,,T10,2026-05-16T04:51:23Z
hoffman2025new,New Frontier,Elizabeth Cobbs Hoffman,2025,New Frontier,,10.4324/9780367199838-recw158-1,https://doi.org/10.4324/9780367199838-recw158-1,no,UNCLASSIFIED,,,,no,no,unread,,,T08,2026-05-16T04:51:23Z
hosseini2026judge,The JUDGE Model of AI-Mediated Teacher Agency: A Theoretical Framework for English Language Teaching,TANER Hosseini,2026,,,10.35542/osf.io/prtjm_v2,https://doi.org/10.35542/osf.io/prtjm_v2,yes,UNCLASSIFIED,,,,no,no,unread,,,T02;T03;T09,2026-05-16T04:51:23Z
huang2025empirical,An Empirical Study of LLM-as-a-Judge for LLM Evaluation: Fine-tuned Judge Model is not a General Substitute for GPT-4,Hui Huang|Xingyuan Bu|Hongli Zhou|Yingqi Qu|Jing Liu|Muyun Yang|Bing Xu|Tiejun Zhao,2025,Findings of the Association for Computational Linguistics: ACL 2025,,10.18653/v1/2025.findings-acl.306,https://doi.org/10.18653/v1/2025.findings-acl.306,yes,6_empirical,,,,no,no,unread,,,T02;T03;T10,2026-05-16T04:51:23Z
hudib2022evaluation,Evaluation policy and organizational evaluation capacity building: A study of international aid agency evaluation policies,Hind Al Hudib|J. Bradley Cousins,2022,New Directions for Evaluation,,10.1002/ev.20494,https://doi.org/10.1002/ev.20494,no,6_empirical,,,,no,no,unread,,,T10,2026-05-16T04:51:23Z
huskey2023committing,Committing to Reproducibility and Explainability]{Committing to Reproducibility and Explainability: Version Control as Research Journal,Samuel Huskey,2023,,,10.21203/rs.3.rs-2640542/v1,https://doi.org/10.21203/rs.3.rs-2640542/v1,no,UNCLASSIFIED,,,,no,no,unread,,,T10,2026-05-16T04:51:23Z
irani2025models,Models of autoantibody mediated diseases: actively nearing the human gold standard.,S. Irani,2025,Brain : a journal of neurology,,10.1093/brain/awaf160,https://doi.org/10.1093/brain/awaf160,no,UNCLASSIFIED,,,,no,no,unread,,,T05,2026-05-16T04:51:23Z
jain2025beyond,Beyond Consensus: Mitigating the Agreeableness Bias in LLM Judge Evaluations,Suryaansh Jain|Umair Z. Ahmed|Shubham Sahai|Ben Leong,2025,arXiv.org,,10.48550/arXiv.2510.11822,https://doi.org/10.48550/arXiv.2510.11822,yes,5_defences,,,,no,no,unread,,,T01;T05;T07;T10,2026-05-16T04:51:23Z
jang2026impact,The Impact of Likert Scale Design on Judgment Reliability in Korean and English LLM-as-a-Judge,You-Won Jang|Woo-Suk Choi|Minsu Lee|Byoung-Tak Zhang,2026,KIISE Transactions on Computing Practices,,10.5626/ktcp.2026.32.3.126,https://doi.org/10.5626/ktcp.2026.32.3.126,yes,UNCLASSIFIED,,,,no,no,unread,,,T05;T10,2026-05-16T04:51:23Z
jansen2024binary,Binary Path Sort: A Sorting Algorithm to Assess the Preference Order of a Single Respondent,Markus Thomas Jansen|Philipp Doebler,2024,,,10.31234/osf.io/yg9a6,https://doi.org/10.31234/osf.io/yg9a6,no,UNCLASSIFIED,,,,no,no,unread,,,T02,2026-05-16T04:51:23Z
jeunen2023probabilistic,A Probabilistic Position Bias Model for Short-Video Recommendation Feeds,Olivier Jeunen,2023,Proceedings of the 17th ACM Conference on Recommender Systems,,10.1145/3604915.3608777,https://doi.org/10.1145/3604915.3608777,no,4_failure_modes,,position_bias,,no,no,unread,,,T02,2026-05-16T04:51:23Z
johnson2025manipulating,Manipulating LLM Web Agents with Indirect Prompt Injection Attack via HTML Accessibility Tree,Sam Johnson|Viet Pham|Thai Q. Le,2025,arXiv.org,,10.48550/arXiv.2507.14799,https://doi.org/10.48550/arXiv.2507.14799,no,4_failure_modes,,prompt_injection,,no,no,unread,,,T07,2026-05-16T04:51:23Z
kaczorek2023analysis,Analysis of the pointwise completeness and the pointwise degeneracy of the standard and fractional descriptor linear systems and electrical circuits,Tadeusz Kaczorek,2023,"Journal of Automation, Electronics and Electrical Engineering",,10.24136/jaeee.2023.001,https://doi.org/10.24136/jaeee.2023.001,no,3_methods,,,pointwise,no,no,unread,,,T06,2026-05-16T04:51:23Z
kaczorek2025pointwise,Pointwise Completeness and Pointwise Degeneracy of Descriptor Linear Discrete-Time Systems with Different Fractional Orders,Tadeusz KACZOREK,2025,Acta Mechanica et Automatica,,10.2478/ama-2025-0035,https://doi.org/10.2478/ama-2025-0035,no,3_methods,,,pointwise,no,no,unread,,,T06,2026-05-16T04:51:23Z
kamble2025expect,Expect the Unexpected: FailSafe Long Context QA for Finance,Kiran Kamble|M. Russak|Dmytro Mozolevskyi|Muayad Ali|Mateusz Russak|Waseem Alshikh,2025,arXiv.org,,10.48550/arXiv.2502.06329,https://doi.org/10.48550/arXiv.2502.06329,partial,4_failure_modes,,,,no,no,unread,,,T01,2026-05-16T04:51:23Z
kant2024enhancing,Enhancing protection against Lasiodermaserricorne Fab. damage in seed spices using seed spice oils,Krishna Kant|Y.K. Sharma|B.K. Mishra,2024,International Journal of Seed Spices,,10.56093/ijss.v12i1.6,https://doi.org/10.56093/ijss.v12i1.6,no,UNCLASSIFIED,,,,no,no,unread,,,T09,2026-05-16T04:51:23Z
kapoor2023leakage,Leakage and the reproducibility crisis in machine-learning-based science,Sayash Kapoor|Arvind Narayanan,2023,Patterns,,10.1016/j.patter.2023.100804,https://doi.org/10.1016/j.patter.2023.100804,no,UNCLASSIFIED,,,,no,no,unread,,,T10,2026-05-16T04:51:23Z
karaca2022two,Two Senses of Experimental Robustness: Result Robustness and Procedure Robustness,Koray Karaca,2022,The British Journal for the Philosophy of Science,,10.1093/bjps/axy031,https://doi.org/10.1093/bjps/axy031,no,4_failure_modes,,,,no,no,unread,,,T04,2026-05-16T04:51:23Z
karaismailolu2026pointwise,Pointwise hemislant submersions from cosymplectic manifolds,Meltem Karaismailoğlu|Sezin Aykurt Sepet|Mahmut Ergüt,2026,Ukrains’kyi Matematychnyi Zhurnal,,10.3842/umzh.v77i8.8710,https://doi.org/10.3842/umzh.v77i8.8710,no,3_methods,,,pointwise,no,no,unread,,,T06,2026-05-16T04:51:23Z
katzy2026evaluating,Evaluating Non-English Developer Support in Machine Learning for Software Engineering,Jonathan Katzy|Yongcheng Huang|Gopal-Raj Panchu|Maksym Ziemlewski|Paris Loizides|Sander Vermeulen|Arie van Deursen|Maliheh Izadi,2026,arXiv,2605.05902,,http://arxiv.org/abs/2605.05902v1,yes,6_empirical,,,,no,no,unread,,,T10,2026-05-16T04:51:23Z
kim2025dr100,DR-100: Rubric-Based LLM-as-Judge in Machine Translation Via a Simple Meta-Evaluation Framework,Ahrii Kim,2025,,,10.36227/techrxiv.174584742.28568002/v1,https://doi.org/10.36227/techrxiv.174584742.28568002/v1,partial,6_empirical,,,,no,no,unread,,,T10,2026-05-16T04:51:23Z
kim2025objexmt,ObjexMT: Objective Extraction and Metacognitive Calibration for LLM-as-a-Judge under Multi-Turn Jailbreaks,Hyunjun Kim|Junwoo Ha|Sangyoon Yu|Haon Park,2025,arXiv.org,,10.48550/arXiv.2508.16889,https://doi.org/10.48550/arXiv.2508.16889,yes,5_defences,,calibration,,no,no,unread,,,T05,2026-05-16T04:51:23Z
klotzman2023difficulties,The Difficulties of Clinical NLP,Vanessa Klotzman,2023,Engineering Mathematics and Artificial Intelligence,,10.1201/9781003283980-17,https://doi.org/10.1201/9781003283980-17,no,UNCLASSIFIED,,,,no,no,unread,,,T04,2026-05-16T04:51:23Z
knowles2022perturbationadapted,Perturbation-adapted perturbation theory,Peter J. Knowles,2022,The Journal of Chemical Physics,,10.1063/5.0079853,https://doi.org/10.1063/5.0079853,no,UNCLASSIFIED,,,,no,no,unread,,,T06,2026-05-16T04:51:23Z
kocaman2025beyond,Beyond Negation Detection: Comprehensive Assertion Detection Models for Clinical NLP,V. Kocaman|Yigit Gul|M. A. Kaya|H. Haq|Mehmet Butgul|Cabir Celik|D. Talby,2025,Text2Story@ECIR,,10.48550/arXiv.2503.17425,https://doi.org/10.48550/arXiv.2503.17425,no,UNCLASSIFIED,,,,no,no,unread,,,T04,2026-05-16T04:51:23Z
kozlowski2026existence,Existence of Common Fixed Points for Pointwise Lipschitzian Semigroups,Wojciech M. Kozlowski,2026,SpringerBriefs in Mathematics,,10.1007/978-3-032-08869-7_2,https://doi.org/10.1007/978-3-032-08869-7_2,no,3_methods,,,pointwise,no,no,unread,,,T06,2026-05-16T04:51:23Z
lambert2024tlu,TÜLU 3: Pushing Frontiers in Open Language Model Post-Training,Nathan Lambert|Jacob Daniel Morrison|Valentina Pyatkin|Shengyi Huang|Hamish Ivison|Faeze Brahman|Lester James Validad Miranda|Alisa Liu|Nouha Dziri|Xinxi Lyu|Yuling Gu|Saumya Malik|Victoria Graf|Jena D. Hwang|Jiangjiang Yang|Ronan Le Bras|Oyvind Tafjord|Christopher Wilhelm|Luca Soldaini|Noah A. Smit,2024,arXiv.org,,10.48550/arXiv.2411.15124,https://doi.org/10.48550/arXiv.2411.15124,no,UNCLASSIFIED,,,,no,no,unread,,,T08,2026-05-16T04:51:23Z
landesberg2025causal,Causal Judge Evaluation: Calibrated Surrogate Metrics for LLM Systems,E. Landesberg|Manjari Narayan,2025,,,,,yes,5_defences,,calibration,,no,no,unread,,,T05,2026-05-16T04:51:23Z
landesberg2026when,When LLM Judge Scores Look Good but Best-of-N Decisions Fail,E. Landesberg,2026,,,,,yes,UNCLASSIFIED,,,,no,no,unread,,,T01;T07,2026-05-16T04:51:23Z
le2024impact,The Impact of LoRA Adapters for LLMs on Clinical NLP Classification Under Data Limitations,Thanh-Dung Le|T. Nguyen|Vu Nguyen Ha,2024,arXiv.org,,10.48550/arXiv.2407.19299,https://doi.org/10.48550/arXiv.2407.19299,no,8_open_problems,,,,no,no,unread,,,T04,2026-05-16T04:51:23Z
leavline2022reliability,Reliability improved dual driven feedback 10T SRAM bit cell,Epiphany Jebamalar Leavline|Arumugam Sugantha,2022,Microelectronics Reliability,,10.1016/j.microrel.2022.114804,https://doi.org/10.1016/j.microrel.2022.114804,no,UNCLASSIFIED,,,,no,no,unread,,,T05,2026-05-16T04:51:23Z
lee2025how,How to Correctly Report LLM-as-a-Judge Evaluations,Chungpa Lee|Thomas Zeng|Jongwon Jeong|Jy-yong Sohn|Kangwook Lee,2025,arXiv.org,,10.48550/arXiv.2511.21140,https://doi.org/10.48550/arXiv.2511.21140,yes,5_defences,,calibration,,no,no,unread,,,T05,2026-05-16T04:51:23Z
lee2025mind,Mind Mapping Prompt Injection: Visual Prompt Injection Attacks in Modern Large Language Models,Seyong Lee|Jaebeom Kim|Wooguil Pak,2025,Electronics,,10.3390/electronics14101907,https://doi.org/10.3390/electronics14101907,partial,4_failure_modes,,prompt_injection,,no,no,unread,,,T07,2026-05-16T04:51:23Z
lehman2024practical,Practical Considerations For the Deployment of Clinical NLP Systems,Eric P. Lehman,2024,,,,,no,UNCLASSIFIED,,,,no,no,unread,,,T04,2026-05-16T04:51:23Z
lertola2026intent,Intent Vectoring: Black-Box Prompt Injection Detection via Semantic Trajectory Monitoring,Tatu Lertola,2026,,,10.2139/ssrn.6280858,https://doi.org/10.2139/ssrn.6280858,no,4_failure_modes,,prompt_injection,,no,no,unread,,,T07,2026-05-16T04:51:23Z
li2022adversarial,On the Adversarial Robustness of Subspace Learning,Fuwei Li|Lifeng Lai|Shuguang Cui,2022,Wireless Networks,,10.1007/978-3-031-16375-3_4,https://doi.org/10.1007/978-3-031-16375-3_4,no,4_failure_modes,,,,no,no,unread,,,T07,2026-05-16T04:51:23Z
li2022parental,Parental regulation of seed development,Chengxiang Li|Hao Yu,2022,Seed Biology,,10.48130/seedbio-2022-0007,https://doi.org/10.48130/seedbio-2022-0007,no,UNCLASSIFIED,,,,no,no,unread,,,T09,2026-05-16T04:51:23Z
li2023microelectronics,Microelectronics Reliability: Publisher’s note,Jimeng Li,2023,Microelectronics Reliability,,10.1016/j.microrel.2023.114902,https://doi.org/10.1016/j.microrel.2023.114902,no,UNCLASSIFIED,,,,no,no,unread,,,T05,2026-05-16T04:51:23Z
li2023mitigating,Mitigating Position Bias in Hotels Recommender Systems,Yinxiao Li,2023,Communications in Computer and Information Science,,10.1007/978-3-031-37249-0_6,https://doi.org/10.1007/978-3-031-37249-0_6,no,4_failure_modes,,position_bias,,no,no,unread,,,T02,2026-05-16T04:51:23Z
li2024llamacare,LlamaCare: An Instruction Fine-Tuned Large Language Model for Clinical NLP,Rumeng Li|Xun Wang|Hong Yu,2024,International Conference on Language Resources and Evaluation,,10.63317/2tpe9brgzmcg,https://doi.org/10.63317/2tpe9brgzmcg,partial,8_open_problems,,,,no,no,unread,,,T04,2026-05-16T04:51:23Z
li2025autoprompt,Auto-Prompt Ensemble for LLM Judge,Jiajie Li|Huayi Zhang|Peng Lin|Jinjun Xiong|Wei Xu,2025,arXiv.org,,10.48550/arXiv.2510.06538,https://doi.org/10.48550/arXiv.2510.06538,yes,3_methods,,,panel,no,no,unread,,,T01;T05;T07;T10,2026-05-16T04:51:23Z
li2025preference,Preference Leakage: A Contamination Problem in LLM-as-a-judge,Dawei Li|Renliang Sun|Yue Huang|Ming Zhong|Bohan Jiang|Jiawei Han|Xiangliang Zhang|Wei Wang|Huan Liu,2025,arXiv.org,,10.48550/arXiv.2502.01534,https://doi.org/10.48550/arXiv.2502.01534,yes,6_empirical,,,,no,no,unread,,,T10,2026-05-16T04:51:23Z
lieggi2025summer,Summer of Reproducibility: Building Global Capacity for Practical Reproducibility through Hands-On Mentorship,Stephanie Lieggi|Fraida Fund|Kate Keahey|Marc Richardson,2025,Proceedings of the 3rd ACM Conference on Reproducibility and Replicability,,10.1145/3736731.3746149,https://doi.org/10.1145/3736731.3746149,no,UNCLASSIFIED,,,,no,no,unread,,,T10,2026-05-16T04:51:23Z
liptk2022temperature,Temperature Switches and Thermostats,B. G. Lipták,2022,Temperature Measurement,,10.1201/9781003063919-14,https://doi.org/10.1201/9781003063919-14,no,UNCLASSIFIED,,,,no,no,unread,,,T09,2026-05-16T04:51:23Z
liu2023prompt,Prompt Injection attack against LLM-integrated Applications,Yi Liu|Gelei Deng|Yuekang Li|Kailong Wang|Tianwei Zhang|Yepang Liu|Haoyu Wang|Yanhong Zheng|Yang Liu,2023,arXiv.org,,10.48550/arXiv.2306.05499,https://doi.org/10.48550/arXiv.2306.05499,no,4_failure_modes,,prompt_injection,,no,no,unread,,,T07,2026-05-16T04:51:23Z
liu2025cafi,CAFI: Copula-based Adversarial Feature Index for Adversarial Robustness Analysis,Lin Liu|Yuanbo Li|Cong Hu|Xiaojun Wu,2025,,,10.36227/techrxiv.174140757.76329713/v1,https://doi.org/10.36227/techrxiv.174140757.76329713/v1,no,4_failure_modes,,,,no,no,unread,,,T07,2026-05-16T04:51:23Z
lugasi2025assessment,"Assessment of Moringa Oleifera Seed Oil Extract Additive as a Preservative of Avocado Seed Oil, Pumpkin Seed Oil, Sunflower Seed Oil and Groundnuts Oil Extracts",Solomon Omwoma Lugasi|Onyango Awuor|Angeline Orwa,2025,,,10.2139/ssrn.5245408,https://doi.org/10.2139/ssrn.5245408,no,UNCLASSIFIED,,,,no,no,unread,,,T09,2026-05-16T04:51:23Z
maclennan2024tungsten,TUNGSTEN CARBIDE CALIBRATION SPHERES,DN MACLENNAN,2024,Underwater Acoustic Calibration and Measurements 1984,,10.25144/23629,https://doi.org/10.25144/23629,no,5_defences,,calibration,,no,no,unread,,,T05,2026-05-16T04:51:23Z
mageed2024crossroads,Crossroads between Stability and Randomness of the Non-stationaryQueue’s Pointwise Stationary Fluid Flow Approximation modelCrossroads between Stability and Randomness of the Non-stationary Queue’s Pointwise Stationary Fluid Flow Approximation,Ismail A Mageed|Amina Becheroul,2024,,,10.20944/preprints202405.0544.v1,https://doi.org/10.20944/preprints202405.0544.v1,no,3_methods,,,pointwise,no,no,unread,,,T06,2026-05-16T04:51:23Z
mageed2024revolutionary,Revolutionary  Analysis of the  Pointwise Stationary Fluid Flow Approximation model of the  non-stationary  queue with Pointwise Stationary Fluid Flow Approximation applications to the Internet of Things,Dr Ismail A Mageed,2024,,,10.20944/preprints202402.1086.v1,https://doi.org/10.20944/preprints202402.1086.v1,no,3_methods,,,pointwise,no,no,unread,,,T06,2026-05-16T04:51:23Z
magnot2025strict,On Strict Ranking by Pairwise Comparisons,Jean-Pierre Magnot,2025,,,10.2139/ssrn.5081659,https://doi.org/10.2139/ssrn.5081659,no,3_methods,,,pairwise,no,no,unread,,,T06,2026-05-16T04:51:23Z
mahadik2025llm,LLM Evaluations for Emotional Expressiveness and Factual Consistency in Medical Dialogue Systems Using LLM-as-a-Judge,Rahul Mahadik|Akhilesh Mandal|Sanya Tripathi|Shruti Jaiswal,2025,"2025 International Conference on Responsible, Generative and Explainable AI (ResGenXAI)",,10.1109/resgenxai64788.2025.11344029,https://doi.org/10.1109/resgenxai64788.2025.11344029,yes,3_methods,,,,no,no,unread,,,T10,2026-05-16T04:51:23Z
mahler2026general,A General Pairwise-Markov GLMB Filter,Ronald Mahler,2026,,,10.31224/6873,https://doi.org/10.31224/6873,no,3_methods,,,pairwise,no,no,unread,,,T06,2026-05-16T04:51:23Z
mamun2026autonomous,Autonomous Adversary: Red-Teaming in the age of LLM,Mohammad Mamun|Mohamed Gaber|Scott Buffett|Sherif Saad,2026,arXiv,2605.06486,,http://arxiv.org/abs/2605.06486v1,yes,6_empirical,,,,no,no,unread,,,T10,2026-05-16T04:51:23Z
mathew2024enhancing,Enhancing Security in Large Language Models: A Comprehensive Review of Prompt Injection Attacks and Defenses,Eleena Mathew,2024,,,10.36227/techrxiv.172954263.32914470/v1,https://doi.org/10.36227/techrxiv.172954263.32914470/v1,no,4_failure_modes,,prompt_injection,,no,no,unread,,,T07,2026-05-16T04:51:23Z
mathur2022texas,"Texas TriValve 1.0 : a reverse-engineered, open model of the human tricuspid valve",Mrudang Mathur|William D. Meador|M. Malinowski|Tomasz Jaźwiec|T. Timek|M. Rausch,2022,Engineering computations,,10.1007/s00366-022-01659-w,https://doi.org/10.1007/s00366-022-01659-w,no,UNCLASSIFIED,,,,no,no,unread,,,T08,2026-05-16T04:51:23Z
mayilsamy2026extended,Extended Research on Predictive Rotor Position Bias With Efficient Bias Angle Search Strategy in PMVG-WTS Power Factor Improvement,Ganesh Mayilsamy|Jae Hoon Jeong,2026,IEEE Transactions on Industrial Electronics,,10.1109/tie.2025.3621675,https://doi.org/10.1109/tie.2025.3621675,no,4_failure_modes,,position_bias,,no,no,unread,,,T02,2026-05-16T04:51:23Z
mazigo2024swahili,The Swahili evaluation approach: Content and guidance for doing development evaluation,Almas F. Mazigo,2024,African Evaluation Journal,,10.4102/aej.v12i2.739,https://doi.org/10.4102/aej.v12i2.739,no,6_empirical,,,,no,no,unread,,,T10,2026-05-16T04:51:23Z
mazurek2022alternative,Alternative Approaches to the Evaluation of Inconsistency in Pairwise Comparisons,Jiri Mazurek,2022,Multiple Criteria Decision Making,,10.1007/978-3-031-23884-0_5,https://doi.org/10.1007/978-3-031-23884-0_5,no,3_methods,,,pairwise,no,no,unread,,,T06,2026-05-16T04:51:23Z
mazurek2022inconsistency,Inconsistency of Incomplete Pairwise Comparisons Matrices,Jiri Mazurek,2022,Multiple Criteria Decision Making,,10.1007/978-3-031-23884-0_6,https://doi.org/10.1007/978-3-031-23884-0_6,no,3_methods,,,pairwise,no,no,unread,,,T06,2026-05-16T04:51:23Z
mazurek2022multiplicative,Multiplicative Pairwise Comparisons,Jiri Mazurek,2022,Multiple Criteria Decision Making,,10.1007/978-3-031-23884-0_2,https://doi.org/10.1007/978-3-031-23884-0_2,no,3_methods,,,pairwise,no,no,unread,,,T06,2026-05-16T04:51:23Z
mckim2022reliability,Reliability,Courtney McKim,2022,Reliability,,10.4324/9780367198459-reprw159-1,https://doi.org/10.4324/9780367198459-reprw159-1,no,UNCLASSIFIED,,,,no,no,unread,,,T05,2026-05-16T04:51:23Z
melegh2026pointwise,From Pointwise to Two-Point Continuum,Janos Gabor Melegh,2026,,,10.2139/ssrn.6249079,https://doi.org/10.2139/ssrn.6249079,no,3_methods,,,pointwise,no,no,unread,,,T06,2026-05-16T04:51:23Z
mercer2024suburban,The Suburban Frontier,Claire Mercer,2024,The Suburban Frontier,,10.1525/luminos.199.c,https://doi.org/10.1525/luminos.199.c,no,UNCLASSIFIED,,,,no,no,unread,,,T08,2026-05-16T04:51:23Z
minakir2024open,«Open Model» of Development of the Far East,Pavel Minakir,2024,Regionalistica,,10.14530/reg.2024.6.130,https://doi.org/10.14530/reg.2024.6.130,no,UNCLASSIFIED,,,,no,no,unread,,,T08,2026-05-16T04:51:23Z
momand2025pairwise,Pairwise Sequence Alignment,Jamil Momand|Eliot Bush,2025,Concepts in Bioinformatics and Genomics,,10.1093/hesc/9780191991318.003.0009,https://doi.org/10.1093/hesc/9780191991318.003.0009,no,3_methods,,,pairwise,no,no,unread,,,T06,2026-05-16T04:51:23Z
montgomery2024validity,"Validity of biomedical science, reproducibility, and irreproducibility",Erwin B. Montgomery,2024,Reproducibility in Biomedical Research,,10.1016/b978-0-443-13829-4.00013-1,https://doi.org/10.1016/b978-0-443-13829-4.00013-1,no,7_evaluation,,,,no,no,unread,,,T10,2026-05-16T04:51:23Z
moral2023desirable,Desirable Gambles Based on Pairwise Comparisons,Serafín Moral,2023,,,10.2139/ssrn.4620450,https://doi.org/10.2139/ssrn.4620450,no,3_methods,,,pairwise,no,no,unread,,,T06,2026-05-16T04:51:23Z
muili2026evaluating,Evaluating Hybrid Guardrail Architectures for Prompt Injection Defense in Large Language Models,Olanrewaju Muili,2026,,,10.2139/ssrn.6246379,https://doi.org/10.2139/ssrn.6246379,no,4_failure_modes,,prompt_injection,,no,no,unread,,,T07,2026-05-16T04:51:23Z
obadinma2023calibration,Calibration Attack: Adversarial Attacks Against Model Calibration,Stephen  Chinedu Obadinma|Xiaodan Zhu|Hongyu Guo,2023,,,10.2139/ssrn.4474509,https://doi.org/10.2139/ssrn.4474509,no,4_failure_modes,,calibration,,no,no,unread,,,T05,2026-05-16T04:51:23Z
obura2024influence,Influence of Seed Development and Maturation on the Physiological and Biochemical Seed Quality,Morish Obura|Jimmy Lamo,2024,Seed Biology - New Advances,,10.5772/intechopen.1002321,https://doi.org/10.5772/intechopen.1002321,no,UNCLASSIFIED,,,,no,no,unread,,,T09,2026-05-16T04:51:23Z
olkhov2025markowitz,Markowitz Variance May Vastly Undervalue or Overestimate Portfolio Variance and Risks,Victor Olkhov,2025,,,10.2139/ssrn.5370800,https://doi.org/10.2139/ssrn.5370800,no,UNCLASSIFIED,,,,no,no,unread,,,T09,2026-05-16T04:51:23Z
onweller2026cited,Cited but Not Verified: Parsing and Evaluating Source Attribution in LLM Deep Research Agents,Hailey Onweller|Elias Lumer|Austin Huber|Pia Ramchandani|Vamse Kumar Subbiah|Corey Feld,2026,arXiv,2605.06635,,http://arxiv.org/abs/2605.06635v1,yes,6_empirical,,,,no,no,unread,,,T10,2026-05-16T04:51:23Z
panterino2024dynamic,Dynamic Moving Target Defense for Mitigating Targeted LLM Prompt Injection,Samuel Panterino|Matthew Fellington,2024,,,10.36227/techrxiv.171822345.56781952/v1,https://doi.org/10.36227/techrxiv.171822345.56781952/v1,no,4_failure_modes,,prompt_injection,,no,no,unread,,,T07,2026-05-16T04:51:23Z
peterson2025perturbation,The Perturbation of O,Joseph G. Peterson,2025,The Perturbation of O,,10.2307/jj.26844241.2,https://doi.org/10.2307/jj.26844241.2,no,UNCLASSIFIED,,,,no,no,unread,,,T06,2026-05-16T04:51:23Z
peugh2023equivalence,Equivalence Testing to Judge Model Fit: A Monte Carlo Simulation,James L. Peugh|Kaylee Litson|David Feldon,2023,,,10.31234/osf.io/yf3qz,https://doi.org/10.31234/osf.io/yf3qz,yes,UNCLASSIFIED,,,,no,no,unread,,,T02;T03;T09,2026-05-16T04:51:23Z
picciotto2023social,"Social Ontology and Evaluation—
                    <i>A Comment on “Framing Evaluation in Reality: An Introduction to Ontologically Integrative Evaluation”</i>",Robert Picciotto,2023,American Journal of Evaluation,,10.1177/10982140221134779,https://doi.org/10.1177/10982140221134779,partial,6_empirical,,,,no,no,unread,,,T10,2026-05-16T04:51:23Z
pizana2026modern,Modern LLM Evaluation Techniques: A Mathematical Framework From Classical Metrics to LLM-as-Judge and Psychometric Foundations,Ana Elvira Alfaro Pizana|Miquel Noguer I Alonso,2026,,,10.2139/ssrn.6531679,https://doi.org/10.2139/ssrn.6531679,partial,6_empirical,,,,no,no,unread,,,T10,2026-05-16T04:51:23Z
pombal2026selfpreference,Self-Preference Bias in Rubric-Based Evaluation of Large Language Models,José Pombal|Ricardo Rei|Andr'e F. T. Martins,2026,,,,,yes,4_failure_modes,,self_preference,,no,no,unread,,,T03,2026-05-16T04:51:23Z
products2026cmo,¿Cómo hablo con un representante de Frontier?,Frontier Business Products,2026,,,10.55277/researchhub.g953sfbk.1,https://doi.org/10.55277/researchhub.g953sfbk.1,no,UNCLASSIFIED,,,,no,no,unread,,,T08,2026-05-16T04:51:23Z
products2026frontier,frontier airlines,Frontier Business Products,2026,,,10.55277/researchhub.e9b904xj.1,https://doi.org/10.55277/researchhub.e9b904xj.1,no,UNCLASSIFIED,,,,no,no,unread,,,T08,2026-05-16T04:51:23Z
puls2024benchmarking,Benchmarking the reproducibility of all-solid-state battery cell performance,Sebastian Puls|Elina Nazmutdinova|Fariza Kalyk|H. M. Woolley|Jesper Frost Thomsen|Zhu Cheng|Adrien Fauchier-Magnan|Ajay Gautam|Michael Gockeln|So-Yeon Ham|Md Toukir Hasan|Min-Gi Jeong|Daiki Hiraoka|Jong Seok Kim|Tobias Kutsch|Barthélémy Lelotte|Philip Minnmann|V. Miss|K. Motohashi|Douglas Lars Nelso,2024,Nature Energy,,10.1038/s41560-024-01634-3,https://doi.org/10.1038/s41560-024-01634-3,no,6_empirical,,,,no,no,unread,,,T10,2026-05-16T04:51:23Z
qin2026daj,DAJ: Data-Reweighted LLM Judge for Test-Time Scaling in Code Generation,Peijia Qin|Ruiyi Zhang|Qi Cao|Pengtao Xie,2026,arXiv.org,,10.48550/arXiv.2601.22230,https://doi.org/10.48550/arXiv.2601.22230,yes,6_empirical,,,,no,no,unread,,,T01;T05;T07;T10,2026-05-16T04:51:23Z
qiu2022preliminaries,Preliminaries of Robustness Optimization,Tie Qiu|Ning Chen|Songwei Zhang,2022,Robustness Optimization for IoT Topology,,10.1007/978-981-16-9609-1_2,https://doi.org/10.1007/978-981-16-9609-1_2,no,4_failure_modes,,,,no,no,unread,,,T04,2026-05-16T04:51:23Z
qiu2022robustness,Robustness Optimization Based on Swarm Intelligence,Tie Qiu|Ning Chen|Songwei Zhang,2022,Robustness Optimization for IoT Topology,,10.1007/978-981-16-9609-1_5,https://doi.org/10.1007/978-981-16-9609-1_5,no,4_failure_modes,,,,no,no,unread,,,T04,2026-05-16T04:51:23Z
rafique2025automated,Automated LLM Deployment and Evaluation: A Cloud-Native Approach Using LLM-as-a-Judge,Ansar Rafique|Brian D. Marsden,2025,2025 IEEE 18th International Conference on Cloud Computing (CLOUD),,10.1109/cloud67622.2025.00053,https://doi.org/10.1109/cloud67622.2025.00053,yes,6_empirical,,,,no,no,unread,,,T10,2026-05-16T04:51:23Z
raina2024llmasajudge,Is LLM-as-a-Judge Robust? Investigating Universal Adversarial Attacks on Zero-shot LLM Assessment,Vyas Raina|Adian Liusie|Mark Gales,2024,Proceedings of the 2024 Conference on Empirical Methods in Natural Language Processing,,10.18653/v1/2024.emnlp-main.427,https://doi.org/10.18653/v1/2024.emnlp-main.427,yes,4_failure_modes,,,,no,no,unread,,,T10,2026-05-16T04:51:23Z
ramanjaneyulu2023seed,Seed to seed mechanization in major oilseed crops - A review,A V RAMANJANEYULU|P RAJAIAH,2023,Journal of Oilseeds Research,,10.56739/jor.v40ispecialissue.145287,https://doi.org/10.56739/jor.v40ispecialissue.145287,no,UNCLASSIFIED,,,,no,no,unread,,,T09,2026-05-16T04:51:23Z
ridhawi2026multidimensional,Multi-Dimensional Behavioral Evaluation of Agentic Stock Prediction Systems Using LLM Judges with Closed-Loop Reinforcement Learning Feedback,Mohammad Al Ridhawi|Mahtab Haj Ali|Hussein Al Osman,2026,arXiv,2605.05739,,http://arxiv.org/abs/2605.05739v1,yes,6_empirical,,,,no,no,unread,,,T10,2026-05-16T04:51:23Z
rijnja2024absolute,ABSOLUTE CALIBRATION OF HYDROPHONES,HAJ RIJNJA,2024,Underwater Acoustic Calibration and Measurements 1984,,10.25144/23632,https://doi.org/10.25144/23632,no,5_defences,,calibration,,no,no,unread,,,T05,2026-05-16T04:51:23Z
rompczyk2025technological,Technological revolution in evaluation: Artificial intelligence and the adherence to evaluation standards,Kai Rompczyk,2025,Evaluation,,10.1177/13563890251331066,https://doi.org/10.1177/13563890251331066,partial,6_empirical,,,,no,no,unread,,,T10,2026-05-16T04:51:23Z
roytburg2026llm,Are LLM Evaluators Really Narcissists? Sanity Checking Self-Preference Evaluations,Dani Roytburg|Matthew Bozoukov|Matthew Nguyen|Mackenzie Puig-Hall|Narmeen Oozeer,2026,arXiv.org,,10.48550/arXiv.2601.22548,https://doi.org/10.48550/arXiv.2601.22548,yes,4_failure_modes,,self_preference,,no,no,unread,,,T03,2026-05-16T04:51:23Z
ryabinin2026pairwise,Pairwise Dissimilarity and Risk-Seeking Portfolio Construction,Vitaliy Ryabinin,2026,,,10.2139/ssrn.6239578,https://doi.org/10.2139/ssrn.6239578,no,3_methods,,,pairwise,no,no,unread,,,T06,2026-05-16T04:51:23Z
sacco2024defeasible,Defeasible Reasoning with Prototype Descriptions: A New Preference Order,G. Sacco|Loris Bozzato|Oliver Kutz,2024,Description Logics,,,,no,UNCLASSIFIED,,,,no,no,unread,,,T02,2026-05-16T04:51:23Z
salinas2025tuning,Tuning LLM Judge Design Decisions for 1/1000 of the Cost,David Salinas|Omar Swelam|Frank Hutter,2025,International Conference on Machine Learning,,,,yes,UNCLASSIFIED,,,,no,no,unread,,,T01;T05;T07;T10,2026-05-16T04:51:23Z
salleh2023pairwise,Pairwise Semiregular Properties on Generalized Pairwise Lindelöf Spaces,Zabidin Salleh,2023,International Journal of Analysis and Applications,,10.28924/2291-8639-21-2023-16,https://doi.org/10.28924/2291-8639-21-2023-16,no,3_methods,,,pairwise,no,no,unread,,,T06,2026-05-16T04:51:23Z
schoch2025monte,Monte Carlo Sampling for Analyzing In-Context Examples,Stephanie Schoch|Yangfeng Ji,2025,The Sixth Workshop on Insights from Negative Results in NLP,,10.18653/v1/2025.insights-1.7,https://doi.org/10.18653/v1/2025.insights-1.7,no,UNCLASSIFIED,,,,no,no,unread,,,T14,2026-05-16T04:51:23Z
schrter2026garden,"The garden of evaluation approaches: Supporting explicit, theory-informed evaluation practice",Daniela Schröter|Lyssa Wilson Becho|Bianca Montrosse-Moorhead,2026,Evaluation,,10.1177/13563890261421931,https://doi.org/10.1177/13563890261421931,no,6_empirical,,,,no,no,unread,,,T10,2026-05-16T04:51:23Z
scott2024standard,Standard costing and variance analysis,Peter Scott,2024,Accounting for Business,,10.1093/hebz/9780191991660.003.0012,https://doi.org/10.1093/hebz/9780191991660.003.0012,no,UNCLASSIFIED,,,,no,no,unread,,,T09,2026-05-16T04:51:23Z
sebastian2023differential,Differential Scanning Calorimetry(DSC) Calibration and Measurement,Szczech Sebastian,2023,Differential Scanning Calorimetry(DSC) Calibration and Measurement,,10.2172/1989874,https://doi.org/10.2172/1989874,no,5_defences,,calibration,,no,no,unread,,,T05,2026-05-16T04:51:23Z
semmelrock2024reproducibility,"Reproducibility in Machine Learning-based Research: Overview, Barriers and Drivers",Harald Semmelrock|Tony Ross-Hellauer|Simone Kopeinik|Dieter Theiler|Armin Haberl|Stefan Thalmann|Dominik Kowald,2024,The AI Magazine,,10.48550/arXiv.2406.14325,https://doi.org/10.48550/arXiv.2406.14325,no,UNCLASSIFIED,,,,no,no,unread,,,T10,2026-05-16T04:51:23Z
shen2026rethinking,Rethinking Rubric Generation for Improving LLM Judge and Reward Modeling for Open-ended Tasks,William F. Shen|Xinchi Qiu|Chenxi Whitehouse|Lisa Alazraki|S. Goel|Francesco Barbieri|Timon Willi|Akhil Mathur|Ilias Leontiadis,2026,arXiv.org,,10.48550/arXiv.2602.05125,https://doi.org/10.48550/arXiv.2602.05125,yes,3_methods,,,reward_model,no,no,unread,,,T01;T05;T07;T10,2026-05-16T04:51:23Z
shi2024optimizationbased,Optimization-based Prompt Injection Attack to LLM-as-a-Judge,Jiawen Shi|Zenghui Yuan|Yinuo Liu|Yue Huang|Pan Zhou|Lichao Sun|Neil Zhenqiang Gong,2024,Conference on Computer and Communications Security,,10.1145/3658644.3690291,https://doi.org/10.1145/3658644.3690291,yes,4_failure_modes,,prompt_injection,,no,no,unread,,,T07,2026-05-16T04:51:23Z
shi2025prompt,Prompt Injection Attack to Tool Selection in LLM Agents,Jiawen Shi|Zenghui Yuan|Guiyao Tie|Pan Zhou|Neil Zhenqiang Gong|Lichao Sun,2025,arXiv.org,,10.48550/arXiv.2504.19793,https://doi.org/10.48550/arXiv.2504.19793,no,4_failure_modes,,prompt_injection,,no,no,unread,,,T07,2026-05-16T04:51:23Z
shi2026when,When AI Becomes Its Own Biggest Fan: Self-Preference Bias in AI-Assisted Peer Review,Jianzheng Shi|Jungmin Lee|L. Xu|Terence T. Ow|Yue Wang,2026,IEEE transactions on engineering management,,10.1109/tem.2026.3691360,https://doi.org/10.1109/tem.2026.3691360,no,4_failure_modes,,self_preference,,no,no,unread,,,T03,2026-05-16T04:51:23Z
siegel2024corebench,CORE-Bench: Fostering the Credibility of Published Research Through a Computational Reproducibility Agent Benchmark,Zachary S. Siegel|Sayash Kapoor|Nitya Nagdir|Benedikt Stroebl|Arvind Narayanan,2024,Trans. Mach. Learn. Res.,,10.48550/arXiv.2409.11363,https://doi.org/10.48550/arXiv.2409.11363,no,6_empirical,,,,no,no,unread,,,T10,2026-05-16T04:51:23Z
solinen2025improving,Improving railway timetable robustness : Development and application of robustness indicators,Emma Solinen,2025,Linköping Studies in Science and Technology. Dissertations,,10.3384/9789180758567,https://doi.org/10.3384/9789180758567,no,4_failure_modes,,,,no,no,unread,,,T04,2026-05-16T04:51:23Z
sounack2025bioclinical,BioClinical ModernBERT: A State-of-the-Art Long-Context Encoder for Biomedical and Clinical NLP,Thomas Sounack|Joshua Davis|B. Durieux|Antoine Chaffin|Tom J. Pollard|Eric P. Lehman|Alistair E. W. Johnson|Matthew B. A. McDermott|T. Naumann|C. Lindvall,2025,arXiv.org,,10.48550/arXiv.2506.10896,https://doi.org/10.48550/arXiv.2506.10896,no,UNCLASSIFIED,,,,no,no,unread,,,T04,2026-05-16T04:51:23Z
steve2023examining,Examining Deep Learning in Clinical NLP,Michael Steve,2023,,,10.31219/osf.io/3e6m8,https://doi.org/10.31219/osf.io/3e6m8,no,UNCLASSIFIED,,,,no,no,unread,,,T04,2026-05-16T04:51:23Z
subies2025clintextsp,ClinText-SP and RigoBERTa Clinical: a new set of open resources for Spanish Clinical NLP,G. G. Subies|Álvaro Barbero Jiménez|Paloma Martínez,2025,arXiv.org,,10.48550/arXiv.2503.18594,https://doi.org/10.48550/arXiv.2503.18594,no,UNCLASSIFIED,,,,no,no,unread,,,T04,2026-05-16T04:51:23Z
sudjianto2026when,When the Judge is Wrong: Measuring LLM-as-Judge Reliability Against Graph-Verified Ground Truth in Financial Documents,Agus Sudjianto|Wingyan Lau,2026,,,10.2139/ssrn.6482162,https://doi.org/10.2139/ssrn.6482162,yes,UNCLASSIFIED,,,,no,no,unread,,,T05,2026-05-16T04:51:23Z
sun2025pareto,Pareto adversarial robustness: balancing spatial robustness and sensitivity-based robustness,Ke Sun|Mingjie Li|Zhouchen Lin,2025,Science China Information Sciences,,10.1007/s11432-022-3861-8,https://doi.org/10.1007/s11432-022-3861-8,no,4_failure_modes,,,,no,no,unread,,,T04,2026-05-16T04:51:23Z
suo2024signedprompt,Signed-prompt: A new approach to prevent prompt injection attacks against LLM-Integrated applications,Xuchen Suo,2024,AIP Conference Proceedings,,10.1063/5.0222987,https://doi.org/10.1063/5.0222987,no,4_failure_modes,,prompt_injection,,no,no,unread,,,T07,2026-05-16T04:51:23Z
szlobodnyik2025feedbackguided,Feedback-Guided Prompt Injection Defense in Retrieval-Augmented Text-to-Cypher Generation,Gergely Szlobodnyik,2025,,,10.2139/ssrn.5669662,https://doi.org/10.2139/ssrn.5669662,no,4_failure_modes,,prompt_injection,,no,no,unread,,,T07,2026-05-16T04:51:23Z
teixeira2024implications,Implications of seed coat cracking on soybean seed quality,Sheila Bigolin Teixeira|Maria de Fátima Zorato|Geri Eduardo Meneghello,2024,Journal of Seed Science,,10.1590/2317-1545v46288842,https://doi.org/10.1590/2317-1545v46288842,no,UNCLASSIFIED,,,,no,no,unread,,,T09,2026-05-16T04:51:23Z
tian2025overconfidence,Overconfidence in LLM-as-a-Judge: Diagnosis and Confidence-Driven Solution,Zailong Tian|Zhuoheng Han|Yanzhen Chen|Haozhe Xu|Xi Yang|Richeng Xuan|Hongfeng Wang|Lizi Liao,2025,arXiv.org,,10.48550/arXiv.2508.06225,https://doi.org/10.48550/arXiv.2508.06225,yes,5_defences,,calibration,,no,no,unread,,,T05,2026-05-16T04:51:23Z
ting2024book,"Book Review: Evaluation Time: A Practical Guide for Evaluation BarringtonGail VallanceTriana-TremainBeverly. (2022). Evaluation time: A practical guide for evaluation. Thousand Oaks, California: Sage. ISBN-13: 978-1544339504.",Ming Hwa Ting,2024,Evaluation Journal of Australasia,,10.1177/1035719x241307342,https://doi.org/10.1177/1035719x241307342,no,6_empirical,,,,no,no,unread,,,T10,2026-05-16T04:51:23Z
udesky2025publish,'Publish or perish' culture blamed for reproducibility crisis.,Laurie Udesky,2025,Nature,,10.1038/d41586-024-04253-w,https://doi.org/10.1038/d41586-024-04253-w,no,UNCLASSIFIED,,,,no,no,unread,,,T10,2026-05-16T04:51:23Z
us2026hightemperature,High-Temperature Oxidation Behaviors of Structural Materials for Very High Temperature Reactors,Hakan Us|Tushar K. Ghosh|Sudarshan Loyalka,2026,High Temperature Corrosion of Materials,,10.1007/s11085-026-10379-1,https://doi.org/10.1007/s11085-026-10379-1,no,UNCLASSIFIED,,,,no,no,unread,,,T09,2026-05-16T04:51:23Z
vardasbi2026adaptive,Adaptive Repetition for Mitigating Position Bias in LLM-Based Ranking,Ali Vardasbi|Gustavo Penha|Claudia Hauff|Hugues Bouchard,2026,Communications in Computer and Information Science,,10.1007/978-3-032-12717-4_1,https://doi.org/10.1007/978-3-032-12717-4_1,no,4_failure_modes,,position_bias,,no,no,unread,,,T02,2026-05-16T04:51:23Z
vella2025position,Position Bias Across LLM Model Families,Salvatore Vella|Salah Sharieh|Alex Ferworn,2025,2025 Interdisciplinary Conference on Electrics and Computer (INTCEC),,10.1109/intcec65580.2025.11255828,https://doi.org/10.1109/intcec65580.2025.11255828,no,4_failure_modes,,position_bias,,no,no,unread,,,T02,2026-05-16T04:51:23Z
vr2024effect,Effect of Seed Priming Treatments on Seed Yield and Seed Quality Parameters in Chickpea (Cicer arietinum L.) cv BDNGK-798,ZADE VR|MISAL AM|WANKHADE MP|RATHOD AH|INGOLE RR,2024,Seed Research,,10.56093/sr.v52i2.163015,https://doi.org/10.56093/sr.v52i2.163015,no,UNCLASSIFIED,,,,no,no,unread,,,T09,2026-05-16T04:51:23Z
wang2025assessing,Assessing Consistency and Reproducibility in the Outputs of Large Language Models: Evidence Across Diverse Finance and Accounting Tasks,J. Wang|V. X. Wang,2025,arXiv.org,,10.48550/arXiv.2503.16974,https://doi.org/10.48550/arXiv.2503.16974,no,3_methods,,,,no,no,unread,,,T10,2026-05-16T04:51:23Z
wang2025can,Can LLMs Replace Human Evaluators? An Empirical Study of LLM-as-a-Judge in Software Engineering,Ruiqi Wang|Jiyu Guo|Cuiyun Gao|Guodong Fan|Chun Yong Chong|X. Xia,2025,Proc. ACM Softw. Eng.,,10.1145/3728963,https://doi.org/10.1145/3728963,yes,6_empirical,,,,no,no,unread,,,T10,2026-05-16T04:51:23Z
wang2025fluorinated,Fluorinated isopropanol for improved defect passivation and reproducibility in perovskite solar cells,Sisi Wang|Weizhong Tian|Zhendong Cheng|Xiaohuo Shi|Wei Fan|Jingjing Zhou|Danyu Gu|Jingjing Xue|Rui Wang,2025,Nature Energy,,10.1038/s41560-025-01791-z,https://doi.org/10.1038/s41560-025-01791-z,no,UNCLASSIFIED,,,,no,no,unread,,,T10,2026-05-16T04:51:23Z
wang2025position,POSITION BIAS MITIGATES POSITION BIAS: Mitigate Position Bias Through Inter-Position Knowledge Distillation,Yifei Wang|Feng Xiong|Yong Wang|Linjing Li|Xiangxiang Chu|Daniel Dajun Zeng,2025,Proceedings of the 2025 Conference on Empirical Methods in Natural Language Processing,,10.18653/v1/2025.emnlp-main.78,https://doi.org/10.18653/v1/2025.emnlp-main.78,no,4_failure_modes,,position_bias,,no,no,unread,,,T02,2026-05-16T04:51:23Z
wang2025protect,To Protect the LLM Agent Against the Prompt Injection Attack with Polymorphic Prompt,Zhilong Wang|N. Nagaraja|Lan Zhang|Hayretdin Bahşi|Pawan Patil|Peng Liu,2025,2025 55th Annual IEEE/IFIP International Conference on Dependable Systems and Networks - Supplemental Volume (DSN-S),,10.1109/DSN-S65789.2025.00037,https://doi.org/10.1109/DSN-S65789.2025.00037,no,4_failure_modes,,prompt_injection,,no,no,unread,,,T07,2026-05-16T04:51:23Z
wang2025webinject,WebInject: Prompt Injection Attack to Web Agents,Xilong Wang|John Bloch|Zedian Shao|Yuepeng Hu|Shuyan Zhou|N. Gong,2025,Conference on Empirical Methods in Natural Language Processing,,10.18653/v1/2025.emnlp-main.104,https://doi.org/10.18653/v1/2025.emnlp-main.104,partial,4_failure_modes,,prompt_injection,,no,no,unread,,,T07,2026-05-16T04:51:23Z
wang2026psas,PSAS: Multi-Template Prompt-Weighted Robustness for Adversarial Perturbations,Chenqi Wang,2026,2026 5th International Symposium on Computer Applications and Information Technology (ISCAIT),,10.1109/iscait69154.2026.11477509,https://doi.org/10.1109/iscait69154.2026.11477509,no,4_failure_modes,,,,no,no,unread,,,T04,2026-05-16T04:51:23Z
wataoka2024selfpreference,Self-Preference Bias in LLM-as-a-Judge,Koki Wataoka|Tsubasa Takahashi|Ryokan Ri,2024,arXiv.org,,10.48550/arXiv.2410.21819,https://doi.org/10.48550/arXiv.2410.21819,yes,4_failure_modes,,self_preference,,no,no,unread,,,T03,2026-05-16T04:51:23Z
watsondaniels2026scrub,SCRuB: Social Concept Reasoning under Rubric-Based Evaluation,Jamelle Watson-Daniels|Himaghna Bhattacharjee|Skyler Wang|Brandon Handoko|Antonio Li|Anaelia Ovalle|Mahesh Pasupuleti|Candace Ross|Vidya Sarma|Arjun Subramonian|Karen Ullrich|Will van der Vaart|Yijing Xin|Maximilian Nickel,2026,arXiv,2605.06444,,http://arxiv.org/abs/2605.06444v1,partial,6_empirical,,,,no,no,unread,,,T10,2026-05-16T04:51:23Z
watts2024prompt,Prompt Injection,Peter Watts,2024,Worldbuilding,,10.61608/9783775757027-002,https://doi.org/10.61608/9783775757027-002,no,4_failure_modes,,prompt_injection,,no,no,unread,,,T07,2026-05-16T04:51:23Z
webb2025perturbation,Perturbation,David Webb,2025,,,10.5194/egusphere-2024-3560-ac3,https://doi.org/10.5194/egusphere-2024-3560-ac3,no,UNCLASSIFIED,,,,no,no,unread,,,T06,2026-05-16T04:51:23Z
webb2025resolution,Resolution and Reproducibility,David Webb,2025,,,10.5194/egusphere-2024-3560-ac2,https://doi.org/10.5194/egusphere-2024-3560-ac2,no,UNCLASSIFIED,,,,no,no,unread,,,T10,2026-05-16T04:51:23Z
weng2026beyond,Beyond Accuracy: Policy Invariance as a Reliability Test for LLM Safety Judges,Shihao Weng|Yang Feng|Xiaofei Xie,2026,arXiv,2605.06161,,http://arxiv.org/abs/2605.06161v1,yes,6_empirical,,,,no,no,unread,,,T10,2026-05-16T04:51:23Z
white2024model,"The Model Openness Framework: Promoting Completeness and Openness for Reproducibility, Transparency, and Usability in Artificial Intelligence",M. White|Ibrahim Haddad|Cailean Osborne|Xiao-Yang Liu|Ahmed Abdelmonsef|Sachin Varghese|A. L. Hors,2024,,,,,no,UNCLASSIFIED,,,,no,no,unread,,,T10,2026-05-16T04:51:23Z
wu2022debiasgan,DebiasGAN: Eliminating Position Bias in News Recommendation with Adversarial Learning,Chuhan Wu|Fangzhao Wu|Xiangnan He|Yongfeng Huang,2022,Findings of the Association for Computational Linguistics: EMNLP 2022,,10.18653/v1/2022.findings-emnlp.213,https://doi.org/10.18653/v1/2022.findings-emnlp.213,no,4_failure_modes,,position_bias,,no,no,unread,,,T02,2026-05-16T04:51:23Z
wu2025experiencebased,Experience-Based Pairwise Comparison Dynamics,Jiabin Wu,2025,,,10.2139/ssrn.5565060,https://doi.org/10.2139/ssrn.5565060,no,3_methods,,,pairwise,no,no,unread,,,T06,2026-05-16T04:51:23Z
xu2023mechanisms,Mechanisms controlling seed size by early endosperm development,Gang Xu|Xiansheng Zhang,2023,Seed Biology,,10.48130/seedbio-2023-0001,https://doi.org/10.48130/seedbio-2023-0001,no,UNCLASSIFIED,,,,no,no,unread,,,T09,2026-05-16T04:51:23Z
xu2025ask,Ask a Strong LLM Judge when Your Reward Model is Uncertain,Zhenghao Xu|Qin Lu|Qingru Zhang|Liang Qiu|Ilgee Hong|Changlong Yu|Wenlin Yao|Yao Liu|Haoming Jiang|Lihong Li|Hyokun Yun|Tuo Zhao,2025,arXiv.org,,10.48550/arXiv.2510.20369,https://doi.org/10.48550/arXiv.2510.20369,yes,3_methods,,,reward_model,no,no,unread,,,T01;T05;T06;T07,2026-05-16T04:51:23Z
xu2025clinical,Clinical NLP with Attention-Based Deep Learning for Multi-Disease Prediction,Ting Xu|Xiaoxiao Deng|Xiandong Meng|Haifeng Yang|Yan Wu,2025,"2025 4th International Conference on Robotics, Artificial Intelligence and Intelligent Control (RAIIC)",,10.1109/RAIIC65850.2025.11170309,https://doi.org/10.1109/RAIIC65850.2025.11170309,no,8_open_problems,,,,no,no,unread,,,T04,2026-05-16T04:51:23Z
yang2022inaugural,Inaugural Editorial: &lt;i&gt;Seed Biology&lt;/i&gt;,Wei-Cai Yang,2022,Seed Biology,,10.48130/seedbio-2022-0001,https://doi.org/10.48130/seedbio-2022-0001,no,UNCLASSIFIED,,,,no,no,unread,,,T09,2026-05-16T04:51:23Z
yang2024ambulance,Ambulance allocation considering the server capacity and preference order,Wei Yang,2024,Urban Construction and Management Engineering IV,,10.1201/9781032626444-133,https://doi.org/10.1201/9781032626444-133,no,UNCLASSIFIED,,,,no,no,unread,,,T02,2026-05-16T04:51:23Z
yang2025llmaugmented,LLM-Augmented Symptom Analysis for Cardiovascular Disease Risk Prediction: A Clinical NLP Approach,Haowei Yang|Ziyu Shen|Junli Shao|Luyao Men|Xinyue Han|Jing Dong,2025,2025 19th International Conference on Complex Medical Engineering (CME),,10.1109/CME67420.2025.11239360,https://doi.org/10.1109/CME67420.2025.11239360,no,UNCLASSIFIED,,,,no,no,unread,,,T04,2026-05-16T04:51:23Z
yang2026quantifying,Quantifying and Mitigating Self-Preference Bias of LLM Judges,Jinming Yang|Chuxian Qiu|Zhenyun Deng|Xinshan Jiao|Tao Zhou,2026,,,,,yes,6_empirical,,self_preference,,no,no,unread,,,T03,2026-05-16T04:51:23Z
yao2026joint,Joint Consistency: A Unified Test-Time Aggregation Framework via Energy Minimization,Yunzhen Yao|Hongye Wang|Yahong Wang|Michael C. Gastpar|Bo Jiang|Lie He,2026,arXiv,2605.06219,,http://arxiv.org/abs/2605.06219v1,yes,3_methods,,,,no,no,unread,,,T10,2026-05-16T04:51:23Z
ycel2025fnirs,"fNIRS reproducibility varies with data quality, analysis pipelines, and researcher experience",Meryem A. Yücel|Robert Luke|R. Mesquita|A. von Lühmann|David M. A. Mehler|Michael Lührs|Jessica Gemignani|A. Abdalmalak|F. Albrecht|Iara de Almeida Ivo|Christina Artemenko|Kira Ashton|Paweł Augustynowicz|Aahana Bajracharya|Elise Bannier|Beatrix Barth|L. Bayet|Jacqueline Behrendt|Hadi Borj Khani|Lena,2025,Communications Biology,,10.1038/s42003-025-08412-1,https://doi.org/10.1038/s42003-025-08412-1,no,UNCLASSIFIED,,,,no,no,unread,,,T10,2026-05-16T04:51:23Z
yeh2024temperature,Temperature gating in thermoTRPs may depend on temperature-dependent heat capacity differences,Frank Yeh,2024,Temperature,,10.1080/23328940.2024.2321066,https://doi.org/10.1080/23328940.2024.2321066,no,UNCLASSIFIED,,,,no,no,unread,,,T09,2026-05-16T04:51:23Z
yeh2026plausible,Plausible Pairwise Stability,Steve Yeh,2026,,,10.2139/ssrn.6445978,https://doi.org/10.2139/ssrn.6445978,no,3_methods,,,pairwise,no,no,unread,,,T06,2026-05-16T04:51:23Z
yi2026frontier50223750176,[!!FROnTIER↣(+502.2375.0176)!!] ¿Cómo llamar a Frontier desde Guatemala?,HJ YI,2026,,,10.55277/researchhub.totflupv.1,https://doi.org/10.55277/researchhub.totflupv.1,no,UNCLASSIFIED,,,,no,no,unread,,,T08,2026-05-16T04:51:23Z
yu2022multiscale,Multiscale stochastic volatility for variance swaps with constant elasticity of variance,Ji-Su Yu|Jeong-Hoon Kim,2022,,,10.21203/rs.3.rs-1166565/v1,https://doi.org/10.21203/rs.3.rs-1166565/v1,no,UNCLASSIFIED,,,,no,no,unread,,,T09,2026-05-16T04:51:23Z
yu2024after,After Computational Reproducibility: Scientific Reproducibility and Trustworthy AI,Bin Yu,2024,Harvard Data Science Review,,10.1162/99608f92.ea5e6f9a,https://doi.org/10.1162/99608f92.ea5e6f9a,no,UNCLASSIFIED,,,,no,no,unread,,,T10,2026-05-16T04:51:23Z
yu2025reconstructionbased,Reconstruction-Based Prompt Generation Algorithm for Prompt Injection Attacks,Zhengyi Yu|Chunlong Fan,2025,2025 5th International Conference on Advanced Algorithms and Neural Networks (AANN),,10.1109/aann66429.2025.11257661,https://doi.org/10.1109/aann66429.2025.11257661,no,4_failure_modes,,prompt_injection,,no,no,unread,,,T07,2026-05-16T04:51:23Z
yuan2025calibration,A calibration method combining hand-eye calibration and TCP calibration,Bin Yuan|Wei Ding|Zihua Chen|Zixiang Xu|Runmei Zhang|Zhong Chen|Jiaxiang Li,2025,,,10.21203/rs.3.rs-7457937/v1,https://doi.org/10.21203/rs.3.rs-7457937/v1,no,5_defences,,calibration,,no,no,unread,,,T05,2026-05-16T04:51:23Z
zakirov2026perturbation,Perturbation Catalogue: Democratising genetic perturbation data for research and drug discovery,Aleksandr Zakirov,2026,,,10.6019/tol.perturbation-catalogue-w.2026.00001.1,https://doi.org/10.6019/tol.perturbation-catalogue-w.2026.00001.1,no,UNCLASSIFIED,,,,no,no,unread,,,T06,2026-05-16T04:51:23Z
zhang2024can,Can We Instruct LLMs to Compensate for Position Bias?,Meiru Zhang|Zaiqiao Meng|Nigel Collier,2024,Findings of the Association for Computational Linguistics: EMNLP 2024,,10.18653/v1/2024.findings-emnlp.732,https://doi.org/10.18653/v1/2024.findings-emnlp.732,no,4_failure_modes,,position_bias,,no,no,unread,,,T02,2026-05-16T04:51:23Z
zhang2024design,Design for Reliability (DFR) Aware EDA Solution for Product Reliability (Invited),Tianhao Zhang|Norman Chang,2024,2024 IEEE International Reliability Physics Symposium (IRPS),,10.1109/irps48228.2024.10529434,https://doi.org/10.1109/irps48228.2024.10529434,no,UNCLASSIFIED,,,,no,no,unread,,,T05,2026-05-16T04:51:23Z
zhang2024flexible,Flexible Temperature Sensor with High Reproducibility and Wireless Closed‐Loop System for Decoupled Multimodal Health Monitoring and Personalized Thermoregulation,Xujing Zhang|Jiaxiang Chen|Zhihao Zheng|Songsong Tang|Bin Cheng|Zhiwei Zhang|R. Ma|Zetong Chen|Jingting Zhuo|Lingyun Cao|Zhihong Chen|Jiangfeng He|Xiaofeng Wang|Guowei Yang|Fang Yi,2024,Advances in Materials,,10.1002/adma.202407859,https://doi.org/10.1002/adma.202407859,no,UNCLASSIFIED,,,,no,no,unread,,,T10,2026-05-16T04:51:23Z
zheng2023judging,Judging LLM-as-a-judge with MT-Bench and Chatbot Arena,Lianmin Zheng|Wei-Lin Chiang|Ying Sheng|Siyuan Zhuang|Zhanghao Wu|Yonghao Zhuang|Zi Lin|Zhuohan Li|Dacheng Li|E. Xing|Haotong Zhang|Joseph E. Gonzalez|Ion Stoica,2023,Neural Information Processing Systems,,10.52202/075280-2020,https://doi.org/10.52202/075280-2020,yes,6_empirical,,,,no,no,unread,,,T10,2026-05-16T04:51:23Z
zhuo2022feature,Feature Augmentation for Adversarial Robustness,Yue Zhuo|Zhiqiang Ge,2022,,,10.36227/techrxiv.19609623.v1,https://doi.org/10.36227/techrxiv.19609623.v1,no,4_failure_modes,,,,no,no,unread,,,T07,2026-05-16T04:51:23Z
zuoyong2024underwater,UNDERWATER ACOUSTIC CALIBRATION AND MEASUREMENTS IN HSEI,H ZUO-YONG,2024,Underwater Acoustic Calibration and Measurements 1984,,10.25144/23642,https://doi.org/10.25144/23642,no,5_defences,,calibration,,no,no,unread,,,T05,2026-05-16T04:51:23Z
